category,variable,value
state,inlet/H_link_R,0.1655458718842374
state,inlet/H_link_L,0.45
state,inlet/H_down,0.44999999858297884
state,inlet/RBC_volume,1.5269637997063594e-14
state,inlet/q_C,3.3283866024657928e-18
state,VV_junc1/RBC_volume,5.2994374144537023e-17
state,VV_junc1/q_C,2.765863321514603e-18
state,VV_junc1/q_C_d,2.7600734819372476e-18
state,PV1/H_link_R,0.4499625595101894
state,PV1/H_link_L,0.4623008448303724
state,PV1/H_down,0.4494864237760941
state,PV1/RBC_volume,7.635329850908598e-16
state,PV1/q_C,1.6564211274778232e-19
state,PV2/H_link_R,0.449962562316234
state,PV2/H_link_L,0.4623006273866477
state,PV2/H_down,0.4494864429326235
state,PV2/RBC_volume,7.6353298276877e-16
state,PV2/q_C,1.6564211274773738e-19
state,V1/H_link_R,0.16554587643938068
state,V1/H_link_L,0.4498422585141897
state,V1/H_down,0.45000374012631394
state,V1/RBC_volume,1.0692474374035332e-14
state,V1/q_C,2.7605271772467856e-18
state,V2/H_link_R,0.16554587624870748
state,V2/H_link_L,0.4498422674831086
state,V2/H_down,0.45000373987055603
state,V2/RBC_volume,1.0692474374982412e-14
state,V2/q_C,2.7605271772472794e-18
state,VV_junc2/RBC_volume,4.5069972137350334e-17
state,VV_junc2/q_C,2.750960390410265e-18
state,VV_junc2/q_C_d,2.7480654706443405e-18
state,PV3/H_link_R,0.450041972367913
state,PV3/H_link_L,0.45974995151487547
state,PV3/H_down,0.4499117574977348
state,PV3/RBC_volume,6.415462882678065e-16
state,PV3/q_C,1.6492401487405905e-19
state,PV4/H_link_R,0.4500419660110813
state,PV4/H_link_L,0.4597504982492192
state,PV4/H_down,0.4499117112614112
state,PV4/RBC_volume,6.415462912221819e-16
state,PV4/q_C,1.6492401487401618e-19
state,V3/H_link_R,0.17255771499321698
state,V3/H_link_L,0.45007619953579836
state,V3/H_down,0.449995158956189
state,V3/RBC_volume,7.069573752083085e-15
state,V3/q_C,2.1988816693618914e-18
state,V4/H_link_R,0.17255771508767379
state,V4/H_link_L,0.4500761786896283
state,V4/H_down,0.44999515956272296
state,V4/RBC_volume,7.069573751278946e-15
state,V4/q_C,2.1988816693603206e-18
state,VV_junc3/RBC_volume,4.507024191564715e-17
state,VV_junc3/q_C,2.7509603904070884e-18
state,VV_junc3/q_C_d,2.748065470645705e-18
state,PV5/H_link_R,0.4500419542796737
state,PV5/H_link_L,0.45975288479902937
state,PV5/H_down,0.44991159678539455
state,PV5/RBC_volume,6.415463283142517e-16
state,PV5/q_C,1.6492401487283536e-19
state,PV6/H_link_R,0.4500419751676428
state,PV6/H_link_L,0.4597511042504137
state,PV6/H_down,0.4499117323952958
state,PV6/RBC_volume,6.415462589720601e-16
state,PV6/q_C,1.649240148740567e-19
state,V5/H_link_R,0.1725577148339267
state,V5/H_link_L,0.45007613608215713
state,V5/H_down,0.4499951607651326
state,V5/RBC_volume,7.069573752034877e-15
state,V5/q_C,2.1988816693442803e-18
state,V6/H_link_R,0.17255771482624957
state,V6/H_link_L,0.4500762019951752
state,V6/H_down,0.44999515867827183
state,V6/RBC_volume,7.0695737521385975e-15
state,V6/q_C,2.1988816693767996e-18
state,VV_junc4/RBC_volume,3.7624774957169585e-17
state,VV_junc4/q_C,2.742316061298808e-18
state,VV_junc4/q_C_d,2.740868601413843e-18
state,PV7/H_link_R,0.4500563288016068
state,PV7/H_link_L,0.46093877628313495
state,PV7/H_down,0.44995224556915664
state,PV7/RBC_volume,5.302151360836605e-16
state,PV7/q_C,1.644937926886737e-19
state,PV8/H_link_R,0.4500563286984458
state,PV8/H_link_L,0.4609388470488498
state,PV8/H_down,0.4499522425785595
state,PV8/RBC_volume,5.302151364175481e-16
state,PV8/q_C,1.6449379268866857e-19
state,V7/H_link_R,0.45
state,V7/H_link_L,0.4501142930268583
state,V7/H_down,0.4499943711663996
state,V7/RBC_volume,4.294904786321696e-15
state,V7/q_C,1.6448761862969992e-18
state,V8/H_link_R,0.45
state,V8/H_link_L,0.4501142923566057
state,V8/H_down,0.4499943711767144
state,V8/RBC_volume,4.294904786321554e-15
state,V8/q_C,1.6448761862968939e-18
state,VV_junc5/RBC_volume,3.762474847643078e-17
state,VV_junc5/q_C,2.7423160612942003e-18
state,VV_junc5/q_C_d,2.7408686014083145e-18
state,PV9/H_link_R,0.45005637446798413
state,PV9/H_link_L,0.460905204471643
state,PV9/H_down,0.4499536397175509
state,PV9/RBC_volume,5.30215107047996e-16
state,PV9/q_C,1.6449379269023642e-19
state,PV10/H_link_R,0.4500563181906356
state,PV10/H_link_L,0.46094180565307025
state,PV10/H_down,0.4499520910183896
state,PV10/RBC_volume,5.30215137099694e-16
state,PV10/q_C,1.644937926897552e-19
state,V9/H_link_R,0.45
state,V9/H_link_L,0.45011459319936165
state,V9/H_down,0.44999436660118763
state,V9/RBC_volume,4.294904786416624e-15
state,V9/q_C,1.6448761863031368e-18
state,V10/H_link_R,0.45
state,V10/H_link_L,0.4501142474206818
state,V10/H_down,0.4499943722270337
state,V10/RBC_volume,4.294904786300105e-15
state,V10/q_C,1.6448761862935514e-18
state,VV_junc6/RBC_volume,3.762480749018515e-17
state,VV_junc6/q_C,2.742316061287857e-18
state,VV_junc6/q_C_d,2.7408686014058154e-18
state,PV11/H_link_R,0.450056330262945
state,PV11/H_link_L,0.4609371172527214
state,PV11/H_down,0.44995231208017594
state,PV11/RBC_volume,5.302151349411736e-16
state,PV11/q_C,1.6449379268787082e-19
state,PV12/H_link_R,0.4500563306855946
state,PV12/H_link_L,0.46093688942422983
state,PV12/H_down,0.4499523241138349
state,PV12/RBC_volume,5.302151350873395e-16
state,PV12/q_C,1.6449379268786765e-19
state,V11/H_link_R,0.45
state,V11/H_link_L,0.45011430559509585
state,V11/H_down,0.44999437102034096
state,V11/RBC_volume,4.2949047863261954e-15
state,V11/q_C,1.6448761862928211e-18
state,V12/H_link_R,0.45
state,V12/H_link_L,0.4501143085037299
state,V12/H_down,0.4499943709780539
state,V12/RBC_volume,4.294904786325504e-15
state,V12/q_C,1.6448761862927749e-18
state,VV_junc7/RBC_volume,3.7624806671831104e-17
state,VV_junc7/q_C,2.7423160613078012e-18
state,VV_junc7/q_C_d,2.7408686014203365e-18
state,PV13/H_link_R,0.4500563293399063
state,PV13/H_link_L,0.460937846461119
state,PV13/H_down,0.4499522832211856
state,PV13/RBC_volume,5.302151362302142e-16
state,PV13/q_C,1.6449379268872346e-19
state,PV14/H_link_R,0.45005632709530746
state,PV14/H_link_L,0.4609400730715621
state,PV14/H_down,0.44995219344139603
state,PV14/RBC_volume,5.302151376993219e-16
state,PV14/q_C,1.6449379268870018e-19
state,V13/H_link_R,0.45
state,V13/H_link_L,0.4501142995594934
state,V13/H_down,0.4499943711125117
state,V13/RBC_volume,4.2949047863206135e-15
state,V13/q_C,1.6448761863006248e-18
state,V14/H_link_R,0.45
state,V14/H_link_L,0.4501142817374055
state,V14/H_down,0.44999437133693976
state,V14/RBC_volume,4.294904786316709e-15
state,V14/q_C,1.6448761863001566e-18
constant,global/H_global_L,0.45
constant,global/H_global_R,0.45
constant,inlet/H_R_out_LHS,0.45
constant,global/gamma_mirror,0.1
constant,global/tau_H_down,0.001
constant,global/tau_H_mean,0.001
constant,global/v_eps,1e-30
constant,global/q_C_init,0.0
constant,inlet/r,6e-06
constant,global/mu_plasma,0.001
constant,inlet/u_in,6666.1
constant,global/u_ext,133.0
constant,global/tau_link,0.001
constant,global/v_scale,1e-50
constant,global/one_mm3,1e-09
constant,global/div_0,1e-25
constant,global/div_0y,1e-08
constant,global/v_threshold,1e-18
constant,global/k,1000.0
constant,VV_junc1/r,6e-06
constant,VV_junc1/vbc2,0.0
constant,VV_junc1/H_to2,0.0
constant,VV_junc1/r_bc2,0.0
constant,VV_junc1/C_conn2,8.51e-22
constant,global/R_VV_junc,1000000000000000.0
constant,global/R_constriction_base,0.0
constant,PV1/R_constriction_final,0.0
constant,global/tau_sig,1.0
constant,global/t0,500.0
constant,PV1/r,6e-06
constant,PV2/R_constriction_final,0.0
constant,PV2/r,6e-06
constant,V1/r,5.5e-06
constant,V2/r,5.5e-06
constant,VV_junc2/r,5.5e-06
constant,VV_junc2/vbc2,0.0
constant,VV_junc2/H_to2,0.0
constant,VV_junc2/r_bc2,0.0
constant,VV_junc2/C_conn2,8.51e-22
constant,PV3/R_constriction_final,0.0
constant,PV3/r,5.5e-06
constant,PV4/R_constriction_final,0.0
constant,PV4/r,5.5e-06
constant,V3/r,5e-06
constant,V4/r,5e-06
constant,VV_junc3/r,5.5e-06
constant,VV_junc3/vbc2,0.0
constant,VV_junc3/H_to2,0.0
constant,VV_junc3/r_bc2,0.0
constant,VV_junc3/C_conn2,8.51e-22
constant,PV5/R_constriction_final,0.0
constant,PV5/r,5.5e-06
constant,PV6/R_constriction_final,0.0
constant,PV6/r,5.5e-06
constant,V5/r,5e-06
constant,V6/r,5e-06
constant,VV_junc4/r,5e-06
constant,VV_junc4/vbc2,0.0
constant,VV_junc4/H_to2,0.0
constant,VV_junc4/r_bc2,0.0
constant,VV_junc4/C_conn2,8.51e-22
constant,PV7/R_constriction_final,0.0
constant,PV7/r,5e-06
constant,PV8/R_constriction_final,0.0
constant,PV8/r,5e-06
constant,V7/H_L_out_RHS,0.45
constant,V7/r,4.5e-06
constant,V7/u_out,6566.1085
constant,V8/H_L_out_RHS,0.45
constant,V8/r,4.5e-06
constant,V8/u_out,6566.1085
constant,VV_junc5/r,5e-06
constant,VV_junc5/vbc2,0.0
constant,VV_junc5/H_to2,0.0
constant,VV_junc5/r_bc2,0.0
constant,VV_junc5/C_conn2,8.51e-22
constant,PV9/R_constriction_final,0.0
constant,PV9/r,5e-06
constant,PV10/R_constriction_final,0.0
constant,PV10/r,5e-06
constant,V9/H_L_out_RHS,0.45
constant,V9/r,4.5e-06
constant,V9/u_out,6566.1085
constant,V10/H_L_out_RHS,0.45
constant,V10/r,4.5e-06
constant,V10/u_out,6566.1085
constant,VV_junc6/r,5e-06
constant,VV_junc6/vbc2,0.0
constant,VV_junc6/H_to2,0.0
constant,VV_junc6/r_bc2,0.0
constant,VV_junc6/C_conn2,8.51e-22
constant,PV11/R_constriction_final,0.0
constant,PV11/r,5e-06
constant,PV12/R_constriction_final,0.0
constant,PV12/r,5e-06
constant,V11/H_L_out_RHS,0.45
constant,V11/r,4.5e-06
constant,V11/u_out,6566.1085
constant,V12/H_L_out_RHS,0.45
constant,V12/r,4.5e-06
constant,V12/u_out,6566.1085
constant,VV_junc7/r,5e-06
constant,VV_junc7/vbc2,0.0
constant,VV_junc7/H_to2,0.0
constant,VV_junc7/r_bc2,0.0
constant,VV_junc7/C_conn2,8.51e-22
constant,PV13/R_constriction_final,0.0
constant,PV13/r,5e-06
constant,PV14/R_constriction_final,0.0
constant,PV14/r,5e-06
constant,V13/H_L_out_RHS,0.45
constant,V13/r,4.5e-06
constant,V13/u_out,6566.1085
constant,V14/H_L_out_RHS,0.45
constant,V14/r,4.5e-06
constant,V14/u_out,6566.1085
constant,,0.00015
constant,inlet/q_us,3.392920065876973e-14
constant,inlet/C,5.107485693775874e-22
constant,VV_junc1/q_us,1.1309733552923245e-16
constant,PV1/q_us,1.696460032938487e-15
constant,inlet/Z,-1.1820960009520325
constant,PV2/q_us,1.696460032938487e-15
constant,V1/q_us,2.3758294442772788e-14
constant,V1/C,4.256238078146562e-22
constant,V2/q_us,2.3758294442772788e-14
constant,V2/C,4.256238078146562e-22
constant,VV_junc2/q_us,9.503317777109115e-17
constant,PV3/q_us,1.4254976665663674e-15
constant,PV4/q_us,1.4254976665663674e-15
constant,V3/q_us,1.570796326794895e-14
constant,V3/C,3.4049904625172497e-22
constant,V4/q_us,1.570796326794895e-14
constant,V4/C,3.4049904625172497e-22
constant,VV_junc3/q_us,9.503317777109115e-17
constant,PV5/q_us,1.4254976665663674e-15
constant,PV6/q_us,1.4254976665663674e-15
constant,V5/q_us,1.570796326794895e-14
constant,V5/C,3.4049904625172497e-22
constant,V6/q_us,1.570796326794895e-14
constant,V6/C,3.4049904625172497e-22
constant,VV_junc4/q_us,7.853981633974475e-17
constant,PV7/q_us,1.1780972450961715e-15
constant,PV8/q_us,1.1780972450961715e-15
constant,V7/q_us,9.542587685278987e-15
constant,V7/C,2.553742846887937e-22
constant,V8/q_us,9.542587685278987e-15
constant,V8/C,2.553742846887937e-22
constant,VV_junc5/q_us,7.853981633974475e-17
constant,PV9/q_us,1.1780972450961715e-15
constant,PV10/q_us,1.1780972450961715e-15
constant,V9/q_us,9.542587685278987e-15
constant,V9/C,2.553742846887937e-22
constant,V10/q_us,9.542587685278987e-15
constant,V10/C,2.553742846887937e-22
constant,VV_junc6/q_us,7.853981633974475e-17
constant,PV11/q_us,1.1780972450961715e-15
constant,PV12/q_us,1.1780972450961715e-15
constant,V11/q_us,9.542587685278987e-15
constant,V11/C,2.553742846887937e-22
constant,V12/q_us,9.542587685278987e-15
constant,V12/C,2.553742846887937e-22
constant,VV_junc7/q_us,7.853981633974475e-17
constant,PV13/q_us,1.1780972450961715e-15
constant,PV14/q_us,1.1780972450961715e-15
constant,V13/q_us,9.542587685278987e-15
constant,V13/C,2.553742846887937e-22
constant,V14/q_us,9.542587685278987e-15
constant,V14/C,2.553742846887937e-22
constant,inlet/RBC_volume_init,1.5268140296446382e-14
constant,VV_junc1/RBC_volume_init,5.08938009881546e-17
constant,VV_junc1/C_max12,8.51e-22
constant,PV1/RBC_volume_init,7.634070148223191e-16
constant,inlet/mu_45,3.5523629350190156
constant,PV2/RBC_volume_init,7.634070148223191e-16
constant,V1/RBC_volume_init,1.0691232499247755e-14
constant,V2/RBC_volume_init,1.0691232499247755e-14
constant,VV_junc2/RBC_volume_init,4.2764929996991017e-17
constant,VV_junc2/C_max12,8.51e-22
constant,PV3/RBC_volume_init,6.4147394995486535e-16
constant,PV4/RBC_volume_init,6.4147394995486535e-16
constant,V3/RBC_volume_init,7.0685834705770284e-15
constant,V4/RBC_volume_init,7.0685834705770284e-15
constant,VV_junc3/RBC_volume_init,4.2764929996991017e-17
constant,VV_junc3/C_max12,8.51e-22
constant,PV5/RBC_volume_init,6.4147394995486535e-16
constant,PV6/RBC_volume_init,6.4147394995486535e-16
constant,V5/RBC_volume_init,7.0685834705770284e-15
constant,V6/RBC_volume_init,7.0685834705770284e-15
constant,VV_junc4/RBC_volume_init,3.5342917352885136e-17
constant,VV_junc4/C_max12,8.51e-22
constant,PV7/RBC_volume_init,5.301437602932772e-16
constant,PV8/RBC_volume_init,5.301437602932772e-16
constant,V7/RBC_volume_init,4.294164458375544e-15
constant,V8/RBC_volume_init,4.294164458375544e-15
constant,VV_junc5/RBC_volume_init,3.5342917352885136e-17
constant,VV_junc5/C_max12,8.51e-22
constant,PV9/RBC_volume_init,5.301437602932772e-16
constant,PV10/RBC_volume_init,5.301437602932772e-16
constant,V9/RBC_volume_init,4.294164458375544e-15
constant,V10/RBC_volume_init,4.294164458375544e-15
constant,VV_junc6/RBC_volume_init,3.5342917352885136e-17
constant,VV_junc6/C_max12,8.51e-22
constant,PV11/RBC_volume_init,5.301437602932772e-16
constant,PV12/RBC_volume_init,5.301437602932772e-16
constant,V11/RBC_volume_init,4.294164458375544e-15
constant,V12/RBC_volume_init,4.294164458375544e-15
constant,VV_junc7/RBC_volume_init,3.5342917352885136e-17
constant,VV_junc7/C_max12,8.51e-22
constant,PV13/RBC_volume_init,5.301437602932772e-16
constant,PV14/RBC_volume_init,5.301437602932772e-16
constant,V13/RBC_volume_init,4.294164458375544e-15
constant,V14/RBC_volume_init,4.294164458375544e-15
constant,PV1/C,2.553742846887937e-23
constant,VV_junc1/vj2,0.0
constant,PV3/C,2.553742846887937e-23
constant,PV5/C,2.553742846887937e-23
constant,PV7/C,2.553742846887937e-23
constant,PV9/C,2.553742846887937e-23
constant,PV11/C,2.553742846887937e-23
constant,PV13/C,2.553742846887937e-23
constant,VV_junc1/C_max123,8.51e-22
constant,VV_junc1/D1,1.2e-05
constant,VV_junc2/C_max123,8.51e-22
constant,VV_junc3/C_max123,8.51e-22
constant,VV_junc4/C_max123,8.51e-22
constant,VV_junc5/C_max123,8.51e-22
constant,VV_junc6/C_max123,8.51e-22
constant,VV_junc7/C_max123,8.51e-22
constant,VV_junc1/D2,0.0
constant,PV2/C,2.553742846887937e-23
constant,PV4/C,2.553742846887937e-23
constant,PV6/C,2.553742846887937e-23
constant,PV8/C,2.553742846887937e-23
constant,PV10/C,2.553742846887937e-23
constant,PV12/C,2.553742846887937e-23
constant,PV14/C,2.553742846887937e-23
constant,VV_junc1/C,8.51e-22
constant,VV_junc1/D3,1.2e-05
constant,VV_junc2/C,8.51e-22
constant,VV_junc3/C,8.51e-22
constant,VV_junc4/C,8.51e-22
constant,VV_junc5/C,8.51e-22
constant,VV_junc6/C,8.51e-22
constant,VV_junc7/C,8.51e-22
constant,VV_junc1/D4,1.2e-05
constant,VV_junc1/w_in2,0.5
constant,VV_junc1/w_out2,0.5
constant,VV_junc1/Qin2,0.0
constant,VV_junc1/Qout2,-0.0
constant,VV_junc1/bc2_is_in,0.0
constant,VV_junc1/bc2_is_out,0.0
constant,PV1/Z,-1.1820960009520325
constant,PV1/mu_45,3.5523629350190156
constant,PV2/Z,-1.1820960009520325
constant,PV2/mu_45,3.5523629350190156
constant,V1/Z,-1.1691201400706768
constant,V1/mu_45,3.71461005007079
constant,V2/Z,-1.1691201400706768
constant,V2/mu_45,3.71461005007079
constant,VV_junc2/vj2,0.0
constant,VV_junc2/D1,1.1e-05
constant,VV_junc2/D2,0.0
constant,VV_junc2/D3,1.1e-05
constant,VV_junc2/D4,1.1e-05
constant,VV_junc2/w_in2,0.5
constant,VV_junc2/w_out2,0.5
constant,VV_junc2/Qin2,0.0
constant,VV_junc2/Qout2,-0.0
constant,VV_junc2/bc2_is_in,0.0
constant,VV_junc2/bc2_is_out,0.0
constant,PV3/Z,-1.1691201400706768
constant,PV3/mu_45,3.71461005007079
constant,PV4/Z,-1.1691201400706768
constant,PV4/mu_45,3.71461005007079
constant,V3/Z,-1.0657877752191043
constant,V3/mu_45,3.8923989981081206
constant,V4/Z,-1.0657877752191043
constant,V4/mu_45,3.8923989981081206
constant,VV_junc3/vj2,0.0
constant,VV_junc3/D1,1.1e-05
constant,VV_junc3/D2,0.0
constant,VV_junc3/D3,1.1e-05
constant,VV_junc3/D4,1.1e-05
constant,VV_junc3/w_in2,0.5
constant,VV_junc3/w_out2,0.5
constant,VV_junc3/Qin2,0.0
constant,VV_junc3/Qout2,-0.0
constant,VV_junc3/bc2_is_in,0.0
constant,VV_junc3/bc2_is_out,0.0
constant,PV5/Z,-1.1691201400706768
constant,PV5/mu_45,3.71461005007079
constant,PV6/Z,-1.1691201400706768
constant,PV6/mu_45,3.71461005007079
constant,V5/Z,-1.0657877752191043
constant,V5/mu_45,3.8923989981081206
constant,V6/Z,-1.0657877752191043
constant,V6/mu_45,3.8923989981081206
constant,VV_junc4/vj2,0.0
constant,VV_junc4/D1,1e-05
constant,VV_junc4/D2,0.0
constant,VV_junc4/D3,1e-05
constant,VV_junc4/D4,1e-05
constant,VV_junc4/w_in2,0.5
constant,VV_junc4/w_out2,0.5
constant,VV_junc4/Qin2,0.0
constant,VV_junc4/Qout2,-0.0
constant,VV_junc4/bc2_is_in,0.0
constant,VV_junc4/bc2_is_out,0.0
constant,PV7/Z,-1.0657877752191043
constant,PV7/mu_45,3.8923989981081206
constant,PV8/Z,-1.0657877752191043
constant,PV8/mu_45,3.8923989981081206
constant,V7/Z,-0.7053441623139816
constant,V7/mu_45,4.087040867095189
constant,V8/Z,-0.7053441623139816
constant,V8/mu_45,4.087040867095189
constant,VV_junc5/vj2,0.0
constant,VV_junc5/D1,1e-05
constant,VV_junc5/D2,0.0
constant,VV_junc5/D3,1e-05
constant,VV_junc5/D4,1e-05
constant,VV_junc5/w_in2,0.5
constant,VV_junc5/w_out2,0.5
constant,VV_junc5/Qin2,0.0
constant,VV_junc5/Qout2,-0.0
constant,VV_junc5/bc2_is_in,0.0
constant,VV_junc5/bc2_is_out,0.0
constant,PV9/Z,-1.0657877752191043
constant,PV9/mu_45,3.8923989981081206
constant,PV10/Z,-1.0657877752191043
constant,PV10/mu_45,3.8923989981081206
constant,V9/Z,-0.7053441623139816
constant,V9/mu_45,4.087040867095189
constant,V10/Z,-0.7053441623139816
constant,V10/mu_45,4.087040867095189
constant,VV_junc6/vj2,0.0
constant,VV_junc6/D1,1e-05
constant,VV_junc6/D2,0.0
constant,VV_junc6/D3,1e-05
constant,VV_junc6/D4,1e-05
constant,VV_junc6/w_in2,0.5
constant,VV_junc6/w_out2,0.5
constant,VV_junc6/Qin2,0.0
constant,VV_junc6/Qout2,-0.0
constant,VV_junc6/bc2_is_in,0.0
constant,VV_junc6/bc2_is_out,0.0
constant,PV11/Z,-1.0657877752191043
constant,PV11/mu_45,3.8923989981081206
constant,PV12/Z,-1.0657877752191043
constant,PV12/mu_45,3.8923989981081206
constant,V11/Z,-0.7053441623139816
constant,V11/mu_45,4.087040867095189
constant,V12/Z,-0.7053441623139816
constant,V12/mu_45,4.087040867095189
constant,VV_junc7/vj2,0.0
constant,VV_junc7/D1,1e-05
constant,VV_junc7/D2,0.0
constant,VV_junc7/D3,1e-05
constant,VV_junc7/D4,1e-05
constant,VV_junc7/w_in2,0.5
constant,VV_junc7/w_out2,0.5
constant,VV_junc7/Qin2,0.0
constant,VV_junc7/Qout2,-0.0
constant,VV_junc7/bc2_is_in,0.0
constant,VV_junc7/bc2_is_out,0.0
constant,PV13/Z,-1.0657877752191043
constant,PV13/mu_45,3.8923989981081206
constant,PV14/Z,-1.0657877752191043
constant,PV14/mu_45,3.8923989981081206
constant,V13/Z,-0.7053441623139816
constant,V13/mu_45,4.087040867095189
constant,V14/Z,-0.7053441623139816
constant,V14/mu_45,4.087040867095189
algebraic,VV_junc1/q,1.186232723326843e-16
algebraic,inlet/H_L_in,0.45
algebraic,VV_junc2/q,1.0053220363214575e-16
algebraic,VV_junc3/q,1.0053220363214394e-16
algebraic,VV_junc4/q,8.40230010024574e-17
algebraic,VV_junc5/q,8.402300100244726e-17
algebraic,VV_junc6/q,8.402300100243842e-17
algebraic,VV_junc7/q,8.402300100247289e-17
algebraic,inlet/H_R_in,0.1655458718842374
algebraic,inlet/q,3.39325290453722e-14
algebraic,inlet/H_mean,0.4499999978382426
algebraic,inlet/hem_dep_u_rel,4.093512829499041
algebraic,inlet/mu,0.00409351282949904
algebraic,inlet/R,2412973338610606.5
algebraic,inlet/u,6649.683162758261
algebraic,inlet/u_mmHg,49.87686325406355
algebraic,inlet/v,1.360714350138046e-14
algebraic,inlet/v_mm3_s,1.360714350138046e-05
algebraic,inlet/w_v,1.0000000000000004
algebraic,inlet/v_pos,1.3607143501380467e-14
algebraic,inlet/v_neg,6.042785605844463e-30
algebraic,VV_junc1/H_mean,0.46857314409482415
algebraic,VV_junc1/u,6633.266325533732
algebraic,VV_junc1/u_mmHg,49.75372650825619
algebraic,inlet/v_d,1.3607143487114842e-14
algebraic,inlet/v_d_mm3_s,1.3607143487114841e-05
algebraic,inlet/w_v_d,1.0000000000000004
algebraic,inlet/H_up,0.4500000000000002
algebraic,inlet/v_d_pos,1.3607143487114848e-14
algebraic,inlet/v_d_neg,6.042785599509256e-30
algebraic,inlet/H_L_out,0.45
algebraic,inlet/s_v_d,0.9999999999999999
algebraic,inlet/H_R_out,0.449999998582979
algebraic,inlet/H_down_target,0.4499999976220669
algebraic,inlet/H_volume_L,0.45
algebraic,VV_junc1/vj1,1.3607143487114842e-14
algebraic,inlet/H_volume_R,0.4499999985829792
algebraic,VV_junc1/w_in1,1.0000000000000004
algebraic,VV_junc1/w_out1,-4.440892098500626e-16
algebraic,VV_junc1/Qin1,1.3607143487114848e-14
algebraic,VV_junc1/Qout1,6.042785599509256e-30
algebraic,VV_junc1/bc1_is_in,1.0
algebraic,VV_junc1/bc1_is_out,0.0
algebraic,VV_junc1/u_d,6619.659181991181
algebraic,VV_junc1/u_d_mmHg,49.65166425639565
algebraic,VV_junc1/v,1.3607143542551058e-14
algebraic,VV_junc1/v_mm3_s,1.3607143542551057e-05
algebraic,PV1/R_constriction,0.0
algebraic,PV1/H_L_in,0.4623008448303724
algebraic,PV1/H_R_in,0.4499625595101894
algebraic,PV1/q,1.6966256750512347e-15
algebraic,PV1/H_mean,0.4500303138862982
algebraic,PV1/hem_dep_u_rel,4.093910628020248
algebraic,PV1/mu,0.004093910628020249
algebraic,PV1/R,120660391301086.81
algebraic,PV1/u,6619.24872115211
algebraic,PV1/u_mmHg,49.64858553841159
algebraic,PV1/v,6.803572152298635e-15
algebraic,PV1/v_mm3_s,6.803572152298634e-06
algebraic,VV_junc1/vj3,-6.803572152298635e-15
algebraic,VV_junc1/w_in3,-5.551115123125783e-16
algebraic,VV_junc1/w_out3,1.0000000000000004
algebraic,VV_junc1/Qin3,3.776741226590238e-30
algebraic,VV_junc1/Qout3,6.803572152298638e-15
algebraic,VV_junc1/bc3_is_in,0.0
algebraic,VV_junc1/bc3_is_out,1.0
algebraic,PV1/w_v,1.0000000000000004
algebraic,PV1/v_pos,6.803572152298638e-15
algebraic,PV1/v_neg,3.0213929812721906e-30
algebraic,PV2/R_constriction,0.0
algebraic,PV2/H_L_in,0.4623006273866477
algebraic,PV2/H_R_in,0.449962562316234
algebraic,PV2/q,1.6966256750512347e-15
algebraic,PV2/H_mean,0.45003031251764647
algebraic,PV2/hem_dep_u_rel,4.093910610060111
algebraic,PV2/mu,0.004093910610060111
algebraic,PV2/R,120660390771745.22
algebraic,PV2/u,6619.24872115035
algebraic,PV2/v,6.803572211316828e-15
algebraic,PV2/u_mmHg,49.64858553839839
algebraic,VV_junc1/vj4,-6.803572211316828e-15
algebraic,PV2/v_mm3_s,6.803572211316827e-06
algebraic,VV_junc1/w_in4,-5.551115123125783e-16
algebraic,VV_junc1/w_out4,1.0000000000000004
algebraic,VV_junc1/Qin4,3.7767412593519165e-30
algebraic,VV_junc1/Qin_tot,1.3607143487114855e-14
algebraic,VV_junc1/Qout4,6.803572211316831e-15
algebraic,VV_junc1/Qout_tot,1.3607144363615475e-14
algebraic,VV_junc1/bc4_is_in,0.0
algebraic,VV_junc1/bc4_is_out,1.0
algebraic,VV_junc1/n_out,2.0
algebraic,VV_junc1/n_in,1.0
algebraic,VV_junc1/junction_type,1.0
algebraic,VV_junc1/is_split,1.0
algebraic,VV_junc1/is_merge,0.0
algebraic,VV_junc1/feed1,1.0
algebraic,VV_junc1/feed2,0.0
algebraic,VV_junc1/feed3,0.0
algebraic,VV_junc1/feed4,0.0
algebraic,VV_junc1/alpha1,0.0
algebraic,VV_junc1/alpha2,0.0
algebraic,VV_junc1/alpha3,0.0
algebraic,VV_junc1/alpha4,1.0
algebraic,VV_junc1/Qout1_rem,6.042785599509256e-30
algebraic,VV_junc1/Qout2_rem,-0.0
algebraic,VV_junc1/Qout3_rem,6.803572152298638e-15
algebraic,VV_junc1/Qout4_rem,0.0
algebraic,VV_junc1/beta1,0.0
algebraic,VV_junc1/beta2,0.0
algebraic,VV_junc1/beta3,1.0
algebraic,VV_junc1/beta4,0.0
algebraic,VV_junc1/D_F,1.2e-05
algebraic,VV_junc1/D_alpha,1.2e-05
algebraic,VV_junc1/D_beta,1.2e-05
algebraic,VV_junc1/v_alpha,6.803572211316831e-15
algebraic,VV_junc1/v_beta,6.803572152298638e-15
algebraic,VV_junc1/FQB_alpha,0.5000000021686473
algebraic,VV_junc1/B,1.3091132878515106
algebraic,VV_junc1/A,-0.0
algebraic,VV_junc1/X_0,0.03333333333333333
algebraic,VV_junc1/y_raw,0.5000000023235507
algebraic,VV_junc1/y,0.5000000023235507
algebraic,VV_junc1/ph,9.294202697570546e-09
algebraic,VV_junc1/FQE_alpha,0.500000003041791
algebraic,VV_junc1/H_VV_out_alpha,0.4685731449130876
algebraic,VV_junc1/H_VV_out_beta,0.4685731432765607
algebraic,VV_junc1/H_split1,0.449999998582979
algebraic,VV_junc1/H_split2,0.0
algebraic,VV_junc1/H_daughter1,0.449999998582979
algebraic,VV_junc1/H_daughter2,0.0
algebraic,VV_junc1/H_from1_target,0.449999998582979
algebraic,VV_junc1/H_from2_target,0.0
algebraic,VV_junc1/H_from1,-1.9984014380324445e-16
algebraic,VV_junc1/H_from2,0.0
algebraic,PV2/w_v,1.0000000000000004
algebraic,V1/H_L_in,0.4498422585141897
algebraic,PV2/v_pos,6.803572211316831e-15
algebraic,PV2/v_neg,3.0213930074815334e-30
algebraic,V1/H_R_in,0.16554587643938068
algebraic,V1/q,2.3761054969950036e-14
algebraic,V1/H_mean,0.4499999847463766
algebraic,V1/hem_dep_u_rel,4.351370216103868
algebraic,V1/mu,0.0043513702161038685
algebraic,V1/R,3027299574032507.5
algebraic,V1/u,6618.838260365585
algebraic,PV1/v_d,6.8035712813393036e-15
algebraic,V1/u_mmHg,49.64550682082165
algebraic,PV1/w_v_d,1.0000000000000004
algebraic,PV1/v_d_mm3_s,6.8035712813393035e-06
algebraic,VV_junc2/H_mean,0.474255130123987
algebraic,PV1/H_up,0.4623008448303724
algebraic,PV1/v_d_pos,6.803571281339307e-15
algebraic,PV1/v_d_neg,3.0213925944885494e-30
algebraic,PV1/H_L_out,0.4623008448303724
algebraic,VV_junc2/u,6598.241810599918
algebraic,PV1/s_v_d,0.9999999999999999
algebraic,PV1/H_R_out,0.4494864237760941
algebraic,VV_junc1/H_split3,0.4685731432765607
algebraic,VV_junc2/u_mmHg,49.49102031622626
algebraic,V1/v,6.803571718616345e-15
algebraic,PV1/H_down_target,0.4488032607918908
algebraic,PV1/H_volume_L,0.4623008448303724
algebraic,VV_junc1/H_daughter3,0.4685731432765607
algebraic,V1/v_mm3_s,6.803571718616345e-06
algebraic,V1/w_v,1.0000000000000004
algebraic,PV1/H_volume_R,0.4494864237760941
algebraic,VV_junc1/H_from3_target,0.4685731432765607
algebraic,V1/H_up,0.44984225851418985
algebraic,V1/v_pos,6.803571718616348e-15
algebraic,V1/v_neg,3.0213927886785652e-30
algebraic,V1/H_L_out,0.4498422585141897
algebraic,VV_junc1/H_from3,0.4685731432765609
algebraic,V1/s_v,0.9999999999999999
algebraic,V1/H_R_out,0.4500037401263141
algebraic,V1/H_down_target,0.45001575736959526
algebraic,V1/H_volume_L,0.4498422585141897
algebraic,V2/H_L_in,0.4498422674831086
algebraic,VV_junc2/vj1,6.803571718616345e-15
algebraic,V1/H_volume_R,0.4500037401263143
algebraic,V2/H_R_in,0.16554587624870748
algebraic,VV_junc2/w_in1,1.0000000000000004
algebraic,V2/q,2.3761054969950036e-14
algebraic,VV_junc2/w_out1,-4.440892098500626e-16
algebraic,V2/H_mean,0.4499999847862351
algebraic,VV_junc2/Qin1,6.803571718616348e-15
algebraic,V2/hem_dep_u_rel,4.351370216668501
algebraic,VV_junc2/Qout1,3.0213927886785652e-30
algebraic,V2/mu,0.004351370216668501
algebraic,VV_junc2/bc1_is_in,1.0
algebraic,V2/R,3027299574425329.0
algebraic,VV_junc2/bc1_is_out,0.0
algebraic,V2/u,6618.838260366745
algebraic,VV_junc2/u_d,6591.438238882116
algebraic,PV2/v_d,6.803571262780092e-15
algebraic,V2/u_mmHg,49.645506820830356
algebraic,VV_junc2/u_d_mmHg,49.43998919069708
algebraic,VV_junc2/v,6.803571717801788e-15
algebraic,PV2/w_v_d,1.0000000000000004
algebraic,PV2/v_d_mm3_s,6.803571262780092e-06
algebraic,VV_junc2/v_mm3_s,6.803571717801787e-06
algebraic,PV3/R_constriction,0.0
algebraic,VV_junc3/H_mean,0.47425796890411476
algebraic,PV2/H_up,0.4623006273866477
algebraic,PV2/H_L_out,0.4623006273866477
algebraic,PV2/v_d_pos,6.803571262780095e-15
algebraic,PV2/v_d_neg,3.0213925862466037e-30
algebraic,PV3/H_L_in,0.45974995151487547
algebraic,VV_junc3/u,6598.241810592452
algebraic,VV_junc1/H_split4,0.4685731449130876
algebraic,PV2/s_v_d,0.9999999999999999
algebraic,PV2/H_R_out,0.4494864429326235
algebraic,PV3/H_R_in,0.450041972367913
algebraic,VV_junc3/u_mmHg,49.491020316170264
algebraic,V2/v,6.803571720583104e-15
algebraic,VV_junc1/H_daughter4,0.4685731449130876
algebraic,PV2/H_down_target,0.44880328103074635
algebraic,PV2/H_volume_L,0.4623006273866477
algebraic,V2/v_mm3_s,6.803571720583104e-06
algebraic,PV3/q,1.4256625905812415e-15
algebraic,V2/w_v,1.0000000000000004
algebraic,VV_junc1/H_from4_target,0.4685731449130876
algebraic,PV2/H_volume_R,0.4494864429326235
algebraic,V2/H_up,0.4498422674831088
algebraic,V2/v_pos,6.803571720583107e-15
algebraic,V2/v_neg,3.0213927895519816e-30
algebraic,PV3/H_mean,0.4499986830728641
algebraic,V2/H_L_out,0.4498422674831086
algebraic,VV_junc1/H_from4,0.4685731449130878
algebraic,V2/s_v,0.9999999999999999
algebraic,PV3/hem_dep_u_rel,4.351351776690452
algebraic,V2/H_R_out,0.4500037398705562
algebraic,VV_junc1/RBC_in,6.123214549920077e-15
algebraic,V2/H_down_target,0.45001575651654774
algebraic,V2/H_volume_L,0.4498422674831086
algebraic,PV3/mu,0.004351351776690451
algebraic,VV_junc3/vj1,6.803571720583104e-15
algebraic,VV_junc1/RBC_out,6.375942416611469e-15
algebraic,V2/H_volume_R,0.45000373987055636
algebraic,PV3/R,181637204730908.5
algebraic,VV_junc3/w_in1,1.0000000000000004
algebraic,PV3/u,6591.129293442372
algebraic,VV_junc3/w_out1,-4.440892098500626e-16
algebraic,PV3/u_mmHg,49.43767190292954
algebraic,PV3/v,3.401785886341832e-15
algebraic,VV_junc3/Qin1,6.803571720583107e-15
algebraic,PV3/v_mm3_s,3.4017858863418316e-06
algebraic,VV_junc2/vj3,-3.401785886341832e-15
algebraic,VV_junc3/Qout1,3.0213927895519816e-30
algebraic,VV_junc2/w_in3,-5.551115123125783e-16
algebraic,VV_junc3/bc1_is_in,1.0
algebraic,VV_junc2/w_out3,1.0000000000000004
algebraic,VV_junc3/bc1_is_out,0.0
algebraic,VV_junc2/Qin3,1.8883705079307987e-30
algebraic,VV_junc3/u_d,6591.438238885322
algebraic,VV_junc2/Qout3,3.4017858863418334e-15
algebraic,VV_junc3/u_d_mmHg,49.43998919072112
algebraic,VV_junc3/v,6.803571707129777e-15
algebraic,VV_junc2/bc3_is_in,0.0
algebraic,VV_junc3/v_mm3_s,6.803571707129777e-06
algebraic,PV5/R_constriction,0.0
algebraic,VV_junc2/bc3_is_out,1.0
algebraic,PV5/H_L_in,0.45975288479902937
algebraic,PV3/w_v,1.0000000000000004
algebraic,PV5/H_R_in,0.4500419542796737
algebraic,PV3/v_pos,3.4017858863418334e-15
algebraic,PV3/v_neg,1.510696406344639e-30
algebraic,PV4/R_constriction,0.0
algebraic,PV5/q,1.4256625905812401e-15
algebraic,PV4/H_L_in,0.4597504982492192
algebraic,PV5/H_mean,0.44999871116257206
algebraic,PV4/H_R_in,0.4500419660110813
algebraic,PV5/hem_dep_u_rel,4.351352174606236
algebraic,PV4/q,1.4256625905812413e-15
algebraic,PV5/mu,0.004351352174606236
algebraic,PV4/H_mean,0.4499986851451465
algebraic,PV5/R,181637221340990.72
algebraic,PV4/hem_dep_u_rel,4.351351806046179
algebraic,PV5/u,6591.129293394454
algebraic,PV4/mu,0.004351351806046179
algebraic,PV5/u_mmHg,49.43767190257012
algebraic,PV5/v,3.4017861381804678e-15
algebraic,PV4/R,181637205956296.06
algebraic,PV5/v_mm3_s,3.4017861381804677e-06
algebraic,VV_junc3/vj3,-3.4017861381804678e-15
algebraic,PV4/u,6591.129293440693
algebraic,VV_junc3/w_in3,-5.551115123125783e-16
algebraic,PV4/v,3.401785881878805e-15
algebraic,PV4/u_mmHg,49.43767190291695
algebraic,VV_junc3/w_out3,1.0000000000000004
algebraic,VV_junc2/vj4,-3.401785881878805e-15
algebraic,PV4/v_mm3_s,3.401785881878805e-06
algebraic,VV_junc3/Qin3,1.888370647729325e-30
algebraic,VV_junc2/w_in4,-5.551115123125783e-16
algebraic,VV_junc3/Qout3,3.4017861381804694e-15
algebraic,VV_junc2/w_out4,1.0000000000000004
algebraic,VV_junc3/bc3_is_in,0.0
algebraic,VV_junc2/Qin4,1.8883705054533213e-30
algebraic,VV_junc3/bc3_is_out,1.0
algebraic,VV_junc2/Qin_tot,6.803571718616351e-15
algebraic,VV_junc2/Qout4,3.4017858818788067e-15
algebraic,PV5/w_v,1.0000000000000004
algebraic,VV_junc2/Qout_tot,6.803571768220643e-15
algebraic,VV_junc2/bc4_is_in,0.0
algebraic,PV5/v_pos,3.4017861381804694e-15
algebraic,PV5/v_neg,1.5106965181834599e-30
algebraic,PV6/R_constriction,0.0
algebraic,VV_junc2/bc4_is_out,1.0
algebraic,PV6/H_L_in,0.4597511042504137
algebraic,VV_junc2/n_out,2.0
algebraic,VV_junc2/n_in,1.0
algebraic,PV6/H_R_in,0.4500419751676428
algebraic,VV_junc2/junction_type,1.0
algebraic,PV6/q,1.4256625905812415e-15
algebraic,VV_junc2/is_split,1.0
algebraic,PV6/H_mean,0.44999866252400034
algebraic,VV_junc2/is_merge,0.0
algebraic,PV6/hem_dep_u_rel,4.351351485597483
algebraic,VV_junc2/feed1,1.0
algebraic,PV6/mu,0.004351351485597483
algebraic,VV_junc2/feed2,0.0
algebraic,PV6/R,181637192579899.8
algebraic,VV_junc2/feed3,0.0
algebraic,PV6/u,6591.12929344228
algebraic,VV_junc2/feed4,0.0
algebraic,PV6/v,3.4017861502238305e-15
algebraic,PV6/u_mmHg,49.43767190292885
algebraic,VV_junc2/alpha1,0.0
algebraic,VV_junc3/vj4,-3.4017861502238305e-15
algebraic,PV6/v_mm3_s,3.4017861502238303e-06
algebraic,VV_junc2/alpha2,0.0
algebraic,VV_junc3/w_in4,-5.551115123125783e-16
algebraic,VV_junc2/alpha3,1.0
algebraic,VV_junc3/w_out4,1.0000000000000004
algebraic,VV_junc2/alpha4,0.0
algebraic,VV_junc3/Qin4,1.8883706544147343e-30
algebraic,VV_junc2/Qout1_rem,3.0213927886785652e-30
algebraic,VV_junc3/Qin_tot,6.80357172058311e-15
algebraic,VV_junc3/Qout4,3.401786150223832e-15
algebraic,VV_junc2/Qout2_rem,-0.0
algebraic,VV_junc3/Qout_tot,6.8035722884043046e-15
algebraic,VV_junc3/bc4_is_in,0.0
algebraic,VV_junc2/Qout3_rem,0.0
algebraic,VV_junc3/bc4_is_out,1.0
algebraic,VV_junc2/Qout4_rem,3.4017858818788067e-15
algebraic,VV_junc3/n_out,2.0
algebraic,VV_junc3/n_in,1.0
algebraic,VV_junc2/beta1,0.0
algebraic,VV_junc3/junction_type,1.0
algebraic,VV_junc2/beta2,0.0
algebraic,VV_junc3/is_split,1.0
algebraic,VV_junc2/beta3,0.0
algebraic,VV_junc3/is_merge,0.0
algebraic,VV_junc2/beta4,1.0
algebraic,VV_junc3/feed1,1.0
algebraic,VV_junc2/D_F,1.1e-05
algebraic,VV_junc3/feed2,0.0
algebraic,VV_junc2/D_alpha,1.1e-05
algebraic,VV_junc3/feed3,0.0
algebraic,VV_junc2/D_beta,1.1e-05
algebraic,VV_junc3/feed4,0.0
algebraic,VV_junc2/v_alpha,3.4017858863418334e-15
algebraic,VV_junc3/alpha1,0.0
algebraic,VV_junc2/v_beta,3.4017858818788067e-15
algebraic,VV_junc3/alpha2,0.0
algebraic,VV_junc2/FQB_alpha,0.5000000003279915
algebraic,VV_junc3/alpha3,0.0
algebraic,VV_junc2/B,1.3336090174304156
algebraic,VV_junc3/alpha4,1.0
algebraic,VV_junc2/A,-0.0
algebraic,VV_junc3/Qout1_rem,3.0213927895519816e-30
algebraic,VV_junc2/X_0,0.03636363636363637
algebraic,VV_junc3/Qout2_rem,-0.0
algebraic,VV_junc2/y_raw,0.5000000003537164
algebraic,VV_junc3/Qout3_rem,3.4017861381804694e-15
algebraic,VV_junc2/y,0.5000000003537164
algebraic,VV_junc3/Qout4_rem,0.0
algebraic,VV_junc2/ph,1.4148655570461181e-09
algebraic,VV_junc3/beta1,0.0
algebraic,VV_junc2/FQE_alpha,0.5000000004717193
algebraic,VV_junc3/beta2,0.0
algebraic,VV_junc2/H_VV_out_alpha,0.47425513026031435
algebraic,VV_junc3/beta3,1.0
algebraic,VV_junc2/H_VV_out_beta,0.4742551299876597
algebraic,VV_junc3/beta4,0.0
algebraic,VV_junc2/H_split1,0.4500037401263141
algebraic,VV_junc3/D_F,1.1e-05
algebraic,VV_junc2/H_split2,0.0
algebraic,VV_junc3/D_alpha,1.1e-05
algebraic,VV_junc2/H_daughter1,0.4500037401263141
algebraic,VV_junc3/D_beta,1.1e-05
algebraic,VV_junc2/H_daughter2,0.0
algebraic,VV_junc3/v_alpha,3.401786150223832e-15
algebraic,VV_junc2/H_from1_target,0.4500037401263141
algebraic,VV_junc3/v_beta,3.4017861381804694e-15
algebraic,VV_junc2/H_from2_target,0.0
algebraic,VV_junc3/FQB_alpha,0.5000000008850765
algebraic,VV_junc2/H_from1,-1.9984180538226775e-16
algebraic,VV_junc3/B,1.333607216095389
algebraic,VV_junc2/H_from2,0.0
algebraic,VV_junc3/A,-0.0
algebraic,PV4/w_v,1.0000000000000004
algebraic,VV_junc3/X_0,0.03636363636363637
algebraic,V3/H_L_in,0.45007619953579836
algebraic,PV4/v_pos,3.4017858818788067e-15
algebraic,PV4/v_neg,1.510696404362657e-30
algebraic,VV_junc3/y_raw,0.5000000009544943
algebraic,V3/H_R_in,0.17255771499321698
algebraic,VV_junc3/y,0.5000000009544943
algebraic,V3/q,1.5710162149618312e-14
algebraic,VV_junc3/ph,3.817977038339666e-09
algebraic,V3/H_mean,0.4500000499520525
algebraic,VV_junc3/FQE_alpha,0.5000000012729204
algebraic,V3/hem_dep_u_rel,4.651558631824463
algebraic,VV_junc3/H_VV_out_alpha,0.47425796927199093
algebraic,V3/mu,0.004651558631824463
algebraic,VV_junc3/H_VV_out_beta,0.4742579685362386
algebraic,V3/R,3790430972603583.5
algebraic,VV_junc3/H_split1,0.4500037398705562
algebraic,V3/u,6590.820348008542
algebraic,VV_junc3/H_split2,0.0
algebraic,PV3/v_d,3.4017858212181247e-15
algebraic,V3/u_mmHg,49.43535461520636
algebraic,VV_junc3/H_daughter1,0.4500037398705562
algebraic,PV3/w_v_d,1.0000000000000004
algebraic,PV3/v_d_mm3_s,3.4017858212181244e-06
algebraic,VV_junc3/H_daughter2,0.0
algebraic,VV_junc4/H_mean,0.47905351276234615
algebraic,PV3/H_up,0.45974995151487547
algebraic,PV3/v_d_pos,3.4017858212181262e-15
algebraic,PV3/v_d_neg,1.5106963774239034e-30
algebraic,PV3/H_L_out,0.45974995151487547
algebraic,VV_junc3/H_from1_target,0.4500037398705562
algebraic,VV_junc4/u,6577.926113510712
algebraic,PV3/s_v_d,0.9999999999999997
algebraic,PV3/H_R_out,0.4499117574977348
algebraic,VV_junc2/H_split3,0.47425513026031435
algebraic,VV_junc3/H_from2_target,0.0
algebraic,VV_junc4/u_mmHg,49.33863963569937
algebraic,V3/v,3.4017858631451624e-15
algebraic,PV3/H_down_target,0.44902355622866297
algebraic,PV3/H_volume_L,0.45974995151487547
algebraic,VV_junc2/H_daughter3,0.47425513026031435
algebraic,V3/v_mm3_s,3.4017858631451622e-06
algebraic,VV_junc3/H_from1,-1.9984180526868842e-16
algebraic,V3/w_v,1.0000000000000004
algebraic,PV3/H_volume_R,0.4499117574977348
algebraic,VV_junc2/H_from3_target,0.47425513026031435
algebraic,V3/H_up,0.4500761995357985
algebraic,V3/v_pos,3.401785863145164e-15
algebraic,V3/v_neg,1.5106963960432484e-30
algebraic,VV_junc3/H_from2,0.0
algebraic,V3/H_L_out,0.45007619953579836
algebraic,VV_junc2/H_from3,0.4742551302603146
algebraic,V3/s_v,0.9999999999999997
algebraic,PV6/w_v,1.0000000000000004
algebraic,V3/H_R_out,0.4499951589561892
algebraic,V3/H_down_target,0.4499924349936779
algebraic,V3/H_volume_L,0.45007619953579836
algebraic,V4/H_L_in,0.4500761786896283
algebraic,V5/H_L_in,0.45007613608215713
algebraic,PV6/v_pos,3.401786150223832e-15
algebraic,PV6/v_neg,1.5106965235317873e-30
algebraic,VV_junc4/vj1,3.4017858631451624e-15
algebraic,V3/H_volume_R,0.44999515895618936
algebraic,V4/H_R_in,0.17255771508767379
algebraic,V5/H_R_in,0.1725577148339267
algebraic,VV_junc4/w_in1,1.0000000000000004
algebraic,V4/q,1.5710162149618312e-14
algebraic,V5/q,1.5710162149618296e-14
algebraic,VV_junc4/w_out1,-4.440892098500626e-16
algebraic,V4/H_mean,0.45000004990086656
algebraic,V5/H_mean,0.4500000499489844
algebraic,VV_junc4/Qin1,3.401785863145164e-15
algebraic,V4/hem_dep_u_rel,4.651558631055826
algebraic,V5/hem_dep_u_rel,4.651558631778393
algebraic,VV_junc4/Qout1,1.5106963960432484e-30
algebraic,V4/mu,0.004651558631055826
algebraic,V5/mu,0.004651558631778393
algebraic,VV_junc4/bc1_is_in,1.0
algebraic,V4/R,3790430971977242.0
algebraic,V5/R,3790430972566042.0
algebraic,VV_junc4/bc1_is_out,0.0
algebraic,V4/u,6590.820348003929
algebraic,V5/u,6590.820347956821
algebraic,VV_junc4/u_d,6574.524327647105
algebraic,PV4/v_d,3.401785830574984e-15
algebraic,V4/u_mmHg,49.43535461517176
algebraic,PV5/v_d,3.401785552017087e-15
algebraic,V5/u_mmHg,49.435354614818415
algebraic,VV_junc4/u_d_mmHg,49.31312407289948
algebraic,VV_junc4/v,3.401785863607074e-15
algebraic,PV4/w_v_d,1.0000000000000004
algebraic,PV4/v_d_mm3_s,3.401785830574984e-06
algebraic,PV5/w_v_d,1.0000000000000004
algebraic,PV5/v_d_mm3_s,3.4017855520170866e-06
algebraic,VV_junc4/v_mm3_s,3.401785863607074e-06
algebraic,PV7/R_constriction,0.0
algebraic,VV_junc5/H_mean,0.4790531755991084
algebraic,VV_junc6/H_mean,0.4790539269855649
algebraic,PV4/H_up,0.4597504982492192
algebraic,PV4/H_L_out,0.4597504982492192
algebraic,PV4/v_d_pos,3.4017858305749857e-15
algebraic,PV4/v_d_neg,1.5106963815791837e-30
algebraic,PV5/H_up,0.45975288479902937
algebraic,PV5/v_d_pos,3.4017855520170886e-15
algebraic,PV5/v_d_neg,1.5106962578746272e-30
algebraic,PV5/H_L_out,0.45975288479902937
algebraic,PV7/H_L_in,0.46093877628313495
algebraic,VV_junc5/u,6577.926113499882
algebraic,VV_junc6/u,6577.926113484975
algebraic,VV_junc2/H_split4,0.4742551299876597
algebraic,PV4/s_v_d,0.9999999999999997
algebraic,PV4/H_R_out,0.4499117112614112
algebraic,PV5/s_v_d,0.9999999999999997
algebraic,PV5/H_R_out,0.44991159678539455
algebraic,VV_junc3/H_split3,0.4742579685362386
algebraic,PV7/H_R_in,0.4500563288016068
algebraic,VV_junc5/u_mmHg,49.338639635618144
algebraic,V4/v,3.4017858653473066e-15
algebraic,VV_junc6/u_mmHg,49.338639635506325
algebraic,V5/v,3.401785856323628e-15
algebraic,VV_junc2/H_daughter4,0.4742551299876597
algebraic,PV4/H_down_target,0.44902350383473927
algebraic,PV4/H_volume_L,0.4597504982492192
algebraic,V4/v_mm3_s,3.4017858653473064e-06
algebraic,PV5/H_down_target,0.44902329379892636
algebraic,PV5/H_volume_L,0.45975288479902937
algebraic,VV_junc3/H_daughter3,0.4742579685362386
algebraic,V5/v_mm3_s,3.4017858563236277e-06
algebraic,PV7/q,1.17826173888886e-15
algebraic,V4/w_v,1.0000000000000004
algebraic,V5/w_v,1.0000000000000004
algebraic,VV_junc2/H_from4_target,0.4742551299876597
algebraic,PV4/H_volume_R,0.4499117112614112
algebraic,V4/H_up,0.45007617868962846
algebraic,V4/v_pos,3.4017858653473082e-15
algebraic,V4/v_neg,1.5106963970211969e-30
algebraic,PV5/H_volume_R,0.44991159678539455
algebraic,VV_junc3/H_from3_target,0.4742579685362386
algebraic,V5/H_up,0.4500761360821573
algebraic,V5/v_pos,3.4017858563236297e-15
algebraic,V5/v_neg,1.5106963930138786e-30
algebraic,PV7/H_mean,0.4499977539656605
algebraic,V4/H_L_out,0.4500761786896283
algebraic,V5/H_L_out,0.45007613608215713
algebraic,VV_junc2/H_from4,0.4742551299876599
algebraic,V4/s_v,0.9999999999999997
algebraic,VV_junc3/H_from3,0.4742579685362388
algebraic,V5/s_v,0.9999999999999997
algebraic,PV7/hem_dep_u_rel,4.651524154181715
algebraic,V4/H_R_out,0.4499951595627231
algebraic,V5/H_R_out,0.44999516076513274
algebraic,VV_junc2/RBC_in,3.061632719594973e-15
algebraic,V4/H_down_target,0.4499924370219904
algebraic,V4/H_volume_L,0.4500761786896283
algebraic,V5/H_down_target,0.4499924413356671
algebraic,V5/H_volume_L,0.45007613608215713
algebraic,V6/H_L_in,0.4500762019951752
algebraic,PV7/mu,0.004651524154181715
algebraic,VV_junc5/vj1,3.4017858653473066e-15
algebraic,VV_junc6/vj1,3.401785856323628e-15
algebraic,VV_junc2/RBC_out,3.2266288142453657e-15
algebraic,V4/H_volume_R,0.4499951595627233
algebraic,V5/H_volume_R,0.4499951607651329
algebraic,V6/H_R_in,0.17255771482624957
algebraic,PV7/R,284280215826957.3
algebraic,VV_junc5/w_in1,1.0000000000000004
algebraic,VV_junc6/w_in1,1.0000000000000004
algebraic,V6/q,1.5710162149618328e-14
algebraic,PV7/u,6574.282562538764
algebraic,VV_junc5/w_out1,-4.440892098500626e-16
algebraic,VV_junc6/w_out1,-4.440892098500626e-16
algebraic,V6/H_mean,0.45000004995558557
algebraic,PV7/u_mmHg,49.31131068044857
algebraic,PV7/v,1.7008929561791997e-15
algebraic,VV_junc5/Qin1,3.4017858653473082e-15
algebraic,VV_junc6/Qin1,3.4017858563236297e-15
algebraic,V6/hem_dep_u_rel,4.651558631877519
algebraic,PV7/v_mm3_s,1.7008929561791995e-06
algebraic,VV_junc4/vj3,-1.7008929561791997e-15
algebraic,VV_junc5/Qout1,1.5106963970211969e-30
algebraic,VV_junc6/Qout1,1.5106963930138786e-30
algebraic,V6/mu,0.004651558631877519
algebraic,VV_junc4/w_in3,-5.551115123125783e-16
algebraic,VV_junc5/bc1_is_in,1.0
algebraic,VV_junc6/bc1_is_in,1.0
algebraic,V6/R,3790430972646818.0
algebraic,VV_junc4/w_out3,1.0000000000000004
algebraic,VV_junc5/bc1_is_out,0.0
algebraic,VV_junc6/bc1_is_out,0.0
algebraic,V6/u,6590.820348052326
algebraic,VV_junc4/Qin3,9.441852611864475e-31
algebraic,VV_junc5/u_d,6574.524327634111
algebraic,VV_junc6/u_d,6574.524327628238
algebraic,PV6/v_d,3.4017855656726767e-15
algebraic,V6/u_mmHg,49.43535461553476
algebraic,VV_junc4/Qout3,1.7008929561792005e-15
algebraic,VV_junc5/u_d_mmHg,49.31312407280202
algebraic,VV_junc5/v,3.4017858657716716e-15
algebraic,VV_junc6/u_d_mmHg,49.31312407275797
algebraic,VV_junc6/v,3.401785856736751e-15
algebraic,PV6/w_v_d,1.0000000000000004
algebraic,PV6/v_d_mm3_s,3.4017855656726765e-06
algebraic,VV_junc4/bc3_is_in,0.0
algebraic,VV_junc5/v_mm3_s,3.4017858657716712e-06
algebraic,PV9/R_constriction,0.0
algebraic,VV_junc6/v_mm3_s,3.4017858567367507e-06
algebraic,PV11/R_constriction,0.0
algebraic,VV_junc7/H_mean,0.4790539165659576
algebraic,PV6/H_up,0.4597511042504137
algebraic,PV6/H_L_out,0.4597511042504137
algebraic,PV6/v_d_pos,3.4017855656726783e-15
algebraic,PV6/v_d_neg,1.5106962639389273e-30
algebraic,VV_junc4/bc3_is_out,1.0
algebraic,PV9/H_L_in,0.460905204471643
algebraic,PV11/H_L_in,0.4609371172527214
algebraic,VV_junc7/u,6577.9261135318475
algebraic,VV_junc3/H_split4,0.47425796927199093
algebraic,PV6/s_v_d,0.9999999999999997
algebraic,PV6/H_R_out,0.4499117323952958
algebraic,PV7/w_v,1.0000000000000004
algebraic,PV9/H_R_in,0.45005637446798413
algebraic,PV11/H_R_in,0.450056330262945
algebraic,VV_junc7/u_mmHg,49.3386396358579
algebraic,V6/v,3.4017858690814696e-15
algebraic,VV_junc3/H_daughter4,0.47425796927199093
algebraic,PV6/H_down_target,0.449023418351359
algebraic,PV6/H_volume_L,0.4597511042504137
algebraic,V6/v_mm3_s,3.4017858690814694e-06
algebraic,PV7/v_pos,1.7008929561792005e-15
algebraic,PV7/v_neg,7.55348208949158e-31
algebraic,PV8/R_constriction,0.0
algebraic,PV9/q,1.1782617388888616e-15
algebraic,PV11/q,1.1782617388888593e-15
algebraic,V6/w_v,1.0000000000000004
algebraic,VV_junc3/H_from4_target,0.47425796927199093
algebraic,PV6/H_volume_R,0.4499117323952958
algebraic,V6/H_up,0.45007620199517534
algebraic,V6/v_pos,3.4017858690814712e-15
algebraic,V6/v_neg,1.5106963986794984e-30
algebraic,PV8/H_L_in,0.4609388470488498
algebraic,PV9/H_mean,0.44999772932286314
algebraic,PV11/H_mean,0.4499977529960231
algebraic,V6/H_L_out,0.4500762019951752
algebraic,VV_junc3/H_from4,0.47425796927199115
algebraic,V6/s_v,0.9999999999999997
algebraic,PV8/H_R_in,0.4500563286984458
algebraic,PV9/hem_dep_u_rel,4.651523784135158
algebraic,PV11/hem_dep_u_rel,4.651524139621232
algebraic,V6/H_R_out,0.449995158678272
algebraic,VV_junc3/RBC_in,3.0616327187399544e-15
algebraic,V6/H_down_target,0.4499924347516266
algebraic,V6/H_volume_L,0.4500762019951752
algebraic,PV8/q,1.17826173888886e-15
algebraic,PV9/mu,0.004651523784135158
algebraic,PV11/mu,0.004651524139621232
algebraic,VV_junc7/vj1,3.4017858690814696e-15
algebraic,VV_junc3/RBC_out,3.2266483747909455e-15
algebraic,V6/H_volume_R,0.44999515867827217
algebraic,PV8/H_mean,0.4499977542490335
algebraic,PV9/R,284280193211377.6
algebraic,PV11/R,284280214937086.1
algebraic,VV_junc7/w_in1,1.0000000000000004
algebraic,PV8/hem_dep_u_rel,4.651524158436961
algebraic,PV9/u,6574.282562599958
algebraic,PV11/u,6574.282562507325
algebraic,VV_junc7/w_out1,-4.440892098500626e-16
algebraic,PV8/mu,0.00465152415843696
algebraic,PV9/u_mmHg,49.31131068090756
algebraic,PV9/v,1.7008925695596319e-15
algebraic,PV11/u_mmHg,49.31131068021275
algebraic,PV11/v,1.7008930499573938e-15
algebraic,VV_junc7/Qin1,3.4017858690814712e-15
algebraic,PV8/R,284280216087018.7
algebraic,PV9/v_mm3_s,1.7008925695596318e-06
algebraic,VV_junc5/vj3,-1.7008925695596319e-15
algebraic,PV11/v_mm3_s,1.7008930499573937e-06
algebraic,VV_junc6/vj3,-1.7008930499573938e-15
algebraic,VV_junc7/Qout1,1.5106963986794984e-30
algebraic,PV8/u,6574.282562538563
algebraic,VV_junc5/w_in3,-5.551115123125783e-16
algebraic,VV_junc6/w_in3,-5.551115123125783e-16
algebraic,VV_junc7/bc1_is_in,1.0
algebraic,PV8/v,1.7008929560372978e-15
algebraic,PV8/u_mmHg,49.31131068044706
algebraic,VV_junc5/w_out3,1.0000000000000004
algebraic,VV_junc6/w_out3,1.0000000000000004
algebraic,VV_junc7/bc1_is_out,0.0
algebraic,VV_junc4/vj4,-1.7008929560372978e-15
algebraic,PV8/v_mm3_s,1.7008929560372978e-06
algebraic,VV_junc5/Qin3,9.441850465694745e-31
algebraic,VV_junc6/Qin3,9.441853132438026e-31
algebraic,VV_junc7/u_d,6574.524327662365
algebraic,VV_junc4/w_in4,-5.551115123125783e-16
algebraic,VV_junc5/Qout3,1.7008925695596326e-15
algebraic,VV_junc6/Qout3,1.7008930499573946e-15
algebraic,VV_junc7/u_d_mmHg,49.313124073013945
algebraic,VV_junc7/v,3.4017858694824098e-15
algebraic,VV_junc4/w_out4,1.0000000000000004
algebraic,VV_junc5/bc3_is_in,0.0
algebraic,VV_junc6/bc3_is_in,0.0
algebraic,VV_junc7/v_mm3_s,3.4017858694824095e-06
algebraic,PV13/R_constriction,0.0
algebraic,VV_junc4/Qin4,9.441852611076761e-31
algebraic,VV_junc5/bc3_is_out,1.0
algebraic,VV_junc6/bc3_is_out,1.0
algebraic,PV13/H_L_in,0.460937846461119
algebraic,VV_junc4/Qin_tot,3.4017858631451655e-15
algebraic,VV_junc4/Qout4,1.7008929560372986e-15
algebraic,PV9/w_v,1.0000000000000004
algebraic,PV11/w_v,1.0000000000000004
algebraic,PV13/H_R_in,0.4500563293399063
algebraic,VV_junc4/Qout_tot,3.4017859122165007e-15
algebraic,VV_junc4/bc4_is_in,0.0
algebraic,PV9/v_pos,1.7008925695596326e-15
algebraic,PV9/v_neg,7.553480372555796e-31
algebraic,PV10/R_constriction,0.0
algebraic,PV11/v_pos,1.7008930499573946e-15
algebraic,PV11/v_neg,7.553482505950421e-31
algebraic,PV12/R_constriction,0.0
algebraic,PV13/q,1.1782617388888602e-15
algebraic,VV_junc4/bc4_is_out,1.0
algebraic,PV10/H_L_in,0.46094180565307025
algebraic,PV12/H_L_in,0.46093688942422983
algebraic,PV13/H_mean,0.44999775409004167
algebraic,VV_junc4/n_out,2.0
algebraic,VV_junc4/n_in,1.0
algebraic,PV10/H_R_in,0.4500563181906356
algebraic,PV12/H_R_in,0.4500563306855946
algebraic,PV13/hem_dep_u_rel,4.651524156049475
algebraic,VV_junc4/junction_type,1.0
algebraic,PV10/q,1.1782617388888612e-15
algebraic,PV12/q,1.1782617388888593e-15
algebraic,PV13/mu,0.004651524156049475
algebraic,VV_junc4/is_split,1.0
algebraic,PV10/H_mean,0.4499977548279756
algebraic,PV12/H_mean,0.4499977531200753
algebraic,PV13/R,284280215941106.4
algebraic,VV_junc4/is_merge,0.0
algebraic,PV10/hem_dep_u_rel,4.651524167130599
algebraic,PV12/hem_dep_u_rel,4.651524141484052
algebraic,PV13/u,6574.282562540712
algebraic,VV_junc4/feed1,1.0
algebraic,PV10/mu,0.004651524167130599
algebraic,PV12/mu,0.0046515241414840525
algebraic,PV13/u_mmHg,49.31131068046318
algebraic,PV13/v,1.7008930491522281e-15
algebraic,VV_junc4/feed2,0.0
algebraic,PV10/R,284280216618334.8
algebraic,PV12/R,284280215050933.3
algebraic,PV13/v_mm3_s,1.700893049152228e-06
algebraic,VV_junc7/vj3,-1.7008930491522281e-15
algebraic,VV_junc4/feed3,0.0
algebraic,PV10/u,6574.282562581114
algebraic,PV12/u,6574.2825625072
algebraic,VV_junc7/w_in3,-5.551115123125783e-16
algebraic,VV_junc4/feed4,0.0
algebraic,PV10/v,1.7008925620843382e-15
algebraic,PV10/u_mmHg,49.31131068076622
algebraic,PV12/v,1.7008930501528335e-15
algebraic,PV12/u_mmHg,49.31131068021182
algebraic,VV_junc7/w_out3,1.0000000000000004
algebraic,VV_junc4/alpha1,0.0
algebraic,VV_junc5/vj4,-1.7008925620843382e-15
algebraic,PV10/v_mm3_s,1.700892562084338e-06
algebraic,VV_junc6/vj4,-1.7008930501528335e-15
algebraic,PV12/v_mm3_s,1.7008930501528334e-06
algebraic,VV_junc7/Qin3,9.441853127968458e-31
algebraic,VV_junc4/alpha2,0.0
algebraic,VV_junc5/w_in4,-5.551115123125783e-16
algebraic,VV_junc6/w_in4,-5.551115123125783e-16
algebraic,VV_junc7/Qout3,1.7008930491522289e-15
algebraic,VV_junc4/alpha3,1.0
algebraic,VV_junc5/w_out4,1.0000000000000004
algebraic,VV_junc6/w_out4,1.0000000000000004
algebraic,VV_junc7/bc3_is_in,0.0
algebraic,VV_junc4/alpha4,0.0
algebraic,VV_junc5/Qin4,9.44185042419853e-31
algebraic,VV_junc6/Qin4,9.441853133522934e-31
algebraic,VV_junc7/bc3_is_out,1.0
algebraic,VV_junc4/Qout1_rem,1.5106963960432484e-30
algebraic,VV_junc5/Qin_tot,3.4017858653473098e-15
algebraic,VV_junc5/Qout4,1.700892562084339e-15
algebraic,VV_junc6/Qin_tot,3.4017858563236313e-15
algebraic,VV_junc6/Qout4,1.7008930501528343e-15
algebraic,PV13/w_v,1.0000000000000004
algebraic,VV_junc4/Qout2_rem,-0.0
algebraic,VV_junc5/Qout_tot,3.4017851316439732e-15
algebraic,VV_junc5/bc4_is_in,0.0
algebraic,VV_junc6/Qout_tot,3.4017861001102302e-15
algebraic,VV_junc6/bc4_is_in,0.0
algebraic,PV13/v_pos,1.7008930491522289e-15
algebraic,PV13/v_neg,7.553482502374767e-31
algebraic,PV14/R_constriction,0.0
algebraic,VV_junc4/Qout3_rem,0.0
algebraic,VV_junc5/bc4_is_out,1.0
algebraic,VV_junc6/bc4_is_out,1.0
algebraic,PV14/H_L_in,0.4609400730715621
algebraic,VV_junc4/Qout4_rem,1.7008929560372986e-15
algebraic,VV_junc5/n_out,2.0
algebraic,VV_junc5/n_in,1.0
algebraic,VV_junc6/n_out,2.0
algebraic,VV_junc6/n_in,1.0
algebraic,PV14/H_R_in,0.45005632709530746
algebraic,VV_junc4/beta1,0.0
algebraic,VV_junc5/junction_type,1.0
algebraic,VV_junc6/junction_type,1.0
algebraic,PV14/q,1.1782617388888602e-15
algebraic,VV_junc4/beta2,0.0
algebraic,VV_junc5/is_split,1.0
algebraic,VV_junc6/is_split,1.0
algebraic,PV14/H_mean,0.4499977553368849
algebraic,VV_junc4/beta3,0.0
algebraic,VV_junc5/is_merge,0.0
algebraic,VV_junc6/is_merge,0.0
algebraic,PV14/hem_dep_u_rel,4.651524174772595
algebraic,VV_junc4/beta4,1.0
algebraic,VV_junc5/feed1,1.0
algebraic,VV_junc6/feed1,1.0
algebraic,PV14/mu,0.004651524174772595
algebraic,VV_junc4/D_F,1e-05
algebraic,VV_junc5/feed2,0.0
algebraic,VV_junc6/feed2,0.0
algebraic,PV14/R,284280217085379.2
algebraic,VV_junc4/D_alpha,1e-05
algebraic,VV_junc5/feed3,0.0
algebraic,VV_junc6/feed3,0.0
algebraic,PV14/u,6574.282562539801
algebraic,VV_junc4/D_beta,1e-05
algebraic,VV_junc5/feed4,0.0
algebraic,VV_junc6/feed4,0.0
algebraic,PV14/v,1.7008930487172407e-15
algebraic,PV14/u_mmHg,49.311310680456344
algebraic,VV_junc4/v_alpha,1.7008929561792005e-15
algebraic,VV_junc5/alpha1,0.0
algebraic,VV_junc6/alpha1,0.0
algebraic,VV_junc7/vj4,-1.7008930487172407e-15
algebraic,PV14/v_mm3_s,1.7008930487172407e-06
algebraic,VV_junc4/v_beta,1.7008929560372986e-15
algebraic,VV_junc5/alpha2,0.0
algebraic,VV_junc6/alpha2,0.0
algebraic,VV_junc7/w_in4,-5.551115123125783e-16
algebraic,VV_junc4/FQB_alpha,0.500000000020857
algebraic,VV_junc5/alpha3,1.0
algebraic,VV_junc6/alpha3,0.0
algebraic,VV_junc7/w_out4,1.0000000000000004
algebraic,VV_junc4/B,1.3636206480918824
algebraic,VV_junc5/alpha4,0.0
algebraic,VV_junc6/alpha4,1.0
algebraic,VV_junc7/Qin4,9.441853125553793e-31
algebraic,VV_junc4/A,-0.0
algebraic,VV_junc5/Qout1_rem,1.5106963970211969e-30
algebraic,VV_junc6/Qout1_rem,1.5106963930138786e-30
algebraic,VV_junc7/Qin_tot,3.4017858690814728e-15
algebraic,VV_junc7/Qout4,1.7008930487172415e-15
algebraic,VV_junc4/X_0,0.04
algebraic,VV_junc5/Qout2_rem,-0.0
algebraic,VV_junc6/Qout2_rem,-0.0
algebraic,VV_junc7/Qout_tot,3.401786097869472e-15
algebraic,VV_junc7/bc4_is_in,0.0
algebraic,VV_junc4/y_raw,0.5000000000226706
algebraic,VV_junc5/Qout3_rem,0.0
algebraic,VV_junc6/Qout3_rem,1.7008930499573946e-15
algebraic,VV_junc7/bc4_is_out,1.0
algebraic,VV_junc4/y,0.5000000000226706
algebraic,VV_junc5/Qout4_rem,1.700892562084339e-15
algebraic,VV_junc6/Qout4_rem,0.0
algebraic,VV_junc7/n_out,2.0
algebraic,VV_junc7/n_in,1.0
algebraic,VV_junc4/ph,9.068257255806127e-11
algebraic,VV_junc5/beta1,0.0
algebraic,VV_junc6/beta1,0.0
algebraic,VV_junc7/junction_type,1.0
algebraic,VV_junc4/FQE_alpha,0.5000000000309142
algebraic,VV_junc5/beta2,0.0
algebraic,VV_junc6/beta2,0.0
algebraic,VV_junc7/is_split,1.0
algebraic,VV_junc4/H_VV_out_alpha,0.479053512771982
algebraic,VV_junc5/beta3,0.0
algebraic,VV_junc6/beta3,1.0
algebraic,VV_junc7/is_merge,0.0
algebraic,VV_junc4/H_VV_out_beta,0.4790535127527103
algebraic,VV_junc5/beta4,1.0
algebraic,VV_junc6/beta4,0.0
algebraic,VV_junc7/feed1,1.0
algebraic,VV_junc4/H_split1,0.4499951589561892
algebraic,VV_junc5/D_F,1e-05
algebraic,VV_junc6/D_F,1e-05
algebraic,VV_junc7/feed2,0.0
algebraic,VV_junc4/H_split2,0.0
algebraic,VV_junc5/D_alpha,1e-05
algebraic,VV_junc6/D_alpha,1e-05
algebraic,VV_junc7/feed3,0.0
algebraic,VV_junc4/H_daughter1,0.4499951589561892
algebraic,VV_junc5/D_beta,1e-05
algebraic,VV_junc6/D_beta,1e-05
algebraic,VV_junc7/feed4,0.0
algebraic,VV_junc4/H_daughter2,0.0
algebraic,VV_junc5/v_alpha,1.7008925695596326e-15
algebraic,VV_junc6/v_alpha,1.7008930501528343e-15
algebraic,VV_junc7/alpha1,0.0
algebraic,VV_junc4/H_from1_target,0.4499951589561892
algebraic,VV_junc5/v_beta,1.700892562084339e-15
algebraic,VV_junc6/v_beta,1.7008930499573946e-15
algebraic,VV_junc7/alpha2,0.0
algebraic,VV_junc4/H_from2_target,0.0
algebraic,VV_junc5/FQB_alpha,0.500000001098731
algebraic,VV_junc6/FQB_alpha,0.500000000028726
algebraic,VV_junc7/alpha3,1.0
algebraic,VV_junc4/H_from1,-1.9983799457720738e-16
algebraic,VV_junc5/B,1.3636208834318224
algebraic,VV_junc6/B,1.3636203589640759
algebraic,VV_junc7/alpha4,0.0
algebraic,VV_junc4/H_from2,0.0
algebraic,VV_junc5/A,-0.0
algebraic,VV_junc6/A,-0.0
algebraic,VV_junc7/Qout1_rem,1.5106963986794984e-30
algebraic,PV8/w_v,1.0000000000000004
algebraic,VV_junc5/X_0,0.04
algebraic,VV_junc6/X_0,0.04
algebraic,VV_junc7/Qout2_rem,-0.0
algebraic,V7/H_L_in,0.4501142930268583
algebraic,PV8/v_pos,1.7008929560372986e-15
algebraic,PV8/v_neg,7.553482088861409e-31
algebraic,VV_junc5/y_raw,0.5000000011942728
algebraic,VV_junc6/y_raw,0.5000000000312239
algebraic,VV_junc7/Qout3_rem,0.0
algebraic,V7/H_R_in,0.45
algebraic,VV_junc5/y,0.5000000011942728
algebraic,VV_junc6/y,0.5000000000312239
algebraic,VV_junc7/Qout4_rem,1.7008930487172415e-15
algebraic,V7/q,9.544232561465284e-15
algebraic,VV_junc5/ph,4.777091155674946e-09
algebraic,VV_junc6/ph,1.2489564937043215e-10
algebraic,VV_junc7/beta1,0.0
algebraic,V7/H_mean,0.4500000140045119
algebraic,VV_junc5/FQE_alpha,0.5000000016285353
algebraic,VV_junc6/FQE_alpha,0.5000000000425776
algebraic,VV_junc7/beta2,0.0
algebraic,V7/hem_dep_u_rel,5.0065746400819515
algebraic,VV_junc5/H_VV_out_alpha,0.4790531761067173
algebraic,VV_junc6/H_VV_out_alpha,0.4790539269988362
algebraic,VV_junc7/beta3,0.0
algebraic,V7/mu,0.005006574640081952
algebraic,VV_junc5/H_VV_out_beta,0.47905317509149953
algebraic,VV_junc6/H_VV_out_beta,0.47905392697229365
algebraic,VV_junc7/beta4,1.0
algebraic,V7/R,4663607729617237.0
algebraic,VV_junc5/H_split1,0.4499951595627231
algebraic,VV_junc6/H_split1,0.44999516076513274
algebraic,VV_junc7/D_F,1e-05
algebraic,V7/u,6574.040797437737
algebraic,VV_junc5/H_split2,0.0
algebraic,VV_junc6/H_split2,0.0
algebraic,VV_junc7/D_alpha,1e-05
algebraic,PV7/v_d,1.7008929047282264e-15
algebraic,V7/u_mmHg,49.30949728805251
algebraic,VV_junc5/H_daughter1,0.4499951595627231
algebraic,VV_junc6/H_daughter1,0.44999516076513274
algebraic,VV_junc7/D_beta,1e-05
algebraic,PV7/w_v_d,1.0000000000000004
algebraic,PV7/v_d_mm3_s,1.7008929047282262e-06
algebraic,V7/v,1.7008929347467847e-15
algebraic,VV_junc5/H_daughter2,0.0
algebraic,VV_junc6/H_daughter2,0.0
algebraic,VV_junc7/v_alpha,1.7008930491522289e-15
algebraic,PV7/H_up,0.46093877628313495
algebraic,PV7/v_d_pos,1.7008929047282271e-15
algebraic,PV7/v_d_neg,7.553481861003359e-31
algebraic,PV7/H_L_out,0.46093877628313495
algebraic,V7/w_v,1.0000000000000004
algebraic,V7/v_mm3_s,1.7008929347467846e-06
algebraic,VV_junc5/H_from1_target,0.4499951595627231
algebraic,VV_junc6/H_from1_target,0.44999516076513274
algebraic,VV_junc7/v_beta,1.7008930487172415e-15
algebraic,PV7/s_v_d,0.9999999999999994
algebraic,PV7/H_R_out,0.44995224556915664
algebraic,VV_junc4/H_split3,0.479053512771982
algebraic,V7/H_up,0.4501142930268583
algebraic,V7/H_L_out,0.4501142930268583
algebraic,V7/v_pos,1.7008929347467855e-15
algebraic,V7/v_neg,7.553481994312537e-31
algebraic,VV_junc5/H_from2_target,0.0
algebraic,VV_junc6/H_from2_target,0.0
algebraic,VV_junc7/FQB_alpha,0.5000000000639352
algebraic,PV7/H_down_target,0.44890365173391306
algebraic,PV7/H_volume_L,0.46093877628313495
algebraic,VV_junc4/H_daughter3,0.479053512771982
algebraic,V7/s_v,0.9999999999999994
algebraic,V7/H_R_out,0.4499943711663996
algebraic,VV_junc5/H_from1,-1.9983799484656256e-16
algebraic,VV_junc6/H_from1,-1.998379953805397e-16
algebraic,VV_junc7/B,1.3636203662369617
algebraic,PV7/H_volume_R,0.44995224556915664
algebraic,VV_junc4/H_from3_target,0.479053512771982
algebraic,V7/H_down_target,0.4499885861022773
algebraic,V7/H_volume_L,0.4501142930268583
algebraic,VV_junc5/H_from2,0.0
algebraic,VV_junc6/H_from2,0.0
algebraic,VV_junc7/A,-0.0
algebraic,VV_junc4/H_from3,0.4790535127719822
algebraic,V7/H_volume_R,0.4499943711663996
algebraic,PV10/w_v,1.0000000000000004
algebraic,PV12/w_v,1.0000000000000004
algebraic,VV_junc7/X_0,0.04
algebraic,V8/H_L_in,0.4501142923566057
algebraic,V9/H_L_in,0.45011459319936165
algebraic,PV10/v_pos,1.700892562084339e-15
algebraic,PV10/v_neg,7.553480339358823e-31
algebraic,V11/H_L_in,0.45011430559509585
algebraic,PV12/v_pos,1.7008930501528343e-15
algebraic,PV12/v_neg,7.553482506818347e-31
algebraic,VV_junc7/y_raw,0.5000000000694947
algebraic,V8/H_R_in,0.45
algebraic,V9/H_R_in,0.45
algebraic,V11/H_R_in,0.45
algebraic,VV_junc7/y,0.5000000000694947
algebraic,V8/q,9.544232561465284e-15
algebraic,V9/q,9.54423256146529e-15
algebraic,V11/q,9.54423256146528e-15
algebraic,VV_junc7/ph,2.779789731346401e-10
algebraic,V8/H_mean,0.450000014004497
algebraic,V9/H_mean,0.4500000140144577
algebraic,V11/H_mean,0.45000001400498346
algebraic,VV_junc7/FQE_alpha,0.5000000000947644
algebraic,V8/hem_dep_u_rel,5.0065746400817295
algebraic,V9/hem_dep_u_rel,5.006574640230483
algebraic,V11/hem_dep_u_rel,5.006574640088992
algebraic,VV_junc7/H_VV_out_alpha,0.4790539165954953
algebraic,V8/mu,0.0050065746400817296
algebraic,V9/mu,0.005006574640230484
algebraic,V11/mu,0.005006574640088992
algebraic,VV_junc7/H_VV_out_beta,0.4790539165364199
algebraic,V8/R,4663607729617029.0
algebraic,V9/R,4663607729755594.0
algebraic,V11/R,4663607729623794.0
algebraic,VV_junc7/H_split1,0.449995158678272
algebraic,V8/u,6574.040797437324
algebraic,V9/u,6574.04079746177
algebraic,V11/u,6574.040797421376
algebraic,VV_junc7/H_split2,0.0
algebraic,PV8/v_d,1.7008929046631075e-15
algebraic,V8/u_mmHg,49.309497288049414
algebraic,PV9/v_d,1.70089330147394e-15
algebraic,V9/u_mmHg,49.30949728823278
algebraic,PV11/v_d,1.7008928039704241e-15
algebraic,V11/u_mmHg,49.309497287929794
algebraic,VV_junc7/H_daughter1,0.449995158678272
algebraic,PV8/w_v_d,1.0000000000000004
algebraic,PV8/v_d_mm3_s,1.7008929046631073e-06
algebraic,V8/v,1.7008929346583216e-15
algebraic,PV9/w_v_d,1.0000000000000004
algebraic,PV9/v_d_mm3_s,1.70089330147394e-06
algebraic,V9/v,1.7008929398497153e-15
algebraic,PV11/w_v_d,1.0000000000000004
algebraic,PV11/v_d_mm3_s,1.700892803970424e-06
algebraic,V11/v,1.7008929312361864e-15
algebraic,VV_junc7/H_daughter2,0.0
algebraic,PV8/H_up,0.4609388470488498
algebraic,PV8/H_L_out,0.4609388470488498
algebraic,PV8/v_d_pos,1.7008929046631083e-15
algebraic,PV8/v_d_neg,7.553481860714173e-31
algebraic,V8/w_v,1.0000000000000004
algebraic,V8/v_mm3_s,1.7008929346583215e-06
algebraic,PV9/H_up,0.460905204471643
algebraic,PV9/v_d_pos,1.7008933014739408e-15
algebraic,PV9/v_d_neg,7.5534836229082635e-31
algebraic,PV9/H_L_out,0.460905204471643
algebraic,V9/w_v,1.0000000000000004
algebraic,V9/v_mm3_s,1.700892939849715e-06
algebraic,PV11/H_up,0.4609371172527214
algebraic,PV11/v_d_pos,1.7008928039704249e-15
algebraic,PV11/v_d_neg,7.553481413548831e-31
algebraic,PV11/H_L_out,0.4609371172527214
algebraic,V11/w_v,1.0000000000000004
algebraic,V11/v_mm3_s,1.7008929312361864e-06
algebraic,VV_junc7/H_from1_target,0.449995158678272
algebraic,VV_junc4/H_split4,0.4790535127527103
algebraic,PV8/s_v_d,0.9999999999999994
algebraic,PV8/H_R_out,0.4499522425785595
algebraic,V8/H_up,0.4501142923566057
algebraic,V8/H_L_out,0.4501142923566057
algebraic,V8/v_pos,1.7008929346583224e-15
algebraic,V8/v_neg,7.553481993919682e-31
algebraic,PV9/s_v_d,0.9999999999999994
algebraic,PV9/H_R_out,0.4499536397175509
algebraic,VV_junc5/H_split3,0.4790531761067173
algebraic,V9/H_up,0.45011459319936165
algebraic,V9/H_L_out,0.45011459319936165
algebraic,V9/v_pos,1.700892939849716e-15
algebraic,V9/v_neg,7.553482016974101e-31
algebraic,PV11/s_v_d,0.9999999999999994
algebraic,PV11/H_R_out,0.44995231208017594
algebraic,VV_junc6/H_split3,0.47905392697229365
algebraic,V11/H_up,0.45011430559509585
algebraic,V11/H_L_out,0.45011430559509585
algebraic,V11/v_pos,1.7008929312361872e-15
algebraic,V11/v_neg,7.553481978722349e-31
algebraic,VV_junc7/H_from2_target,0.0
algebraic,VV_junc4/H_daughter4,0.4790535127527103
algebraic,PV8/H_down_target,0.4489036449690519
algebraic,PV8/H_volume_L,0.4609388470488498
algebraic,V8/s_v,0.9999999999999994
algebraic,V8/H_R_out,0.4499943711767144
algebraic,PV9/H_down_target,0.44890698180798516
algebraic,PV9/H_volume_L,0.460905204471643
algebraic,VV_junc5/H_daughter3,0.4790531761067173
algebraic,V9/s_v,0.9999999999999994
algebraic,V9/H_R_out,0.44999436660118763
algebraic,PV11/H_down_target,0.4489038165703533
algebraic,PV11/H_volume_L,0.4609371172527214
algebraic,VV_junc6/H_daughter3,0.47905392697229365
algebraic,V11/s_v,0.9999999999999994
algebraic,V11/H_R_out,0.44999437102034096
algebraic,VV_junc7/H_from1,-1.9983799445378736e-16
algebraic,VV_junc4/H_from4_target,0.4790535127527103
algebraic,PV8/H_volume_R,0.4499522425785595
algebraic,V8/H_down_target,0.4499885861692862
algebraic,V8/H_volume_L,0.4501142923566057
algebraic,PV9/H_volume_R,0.4499536397175509
algebraic,VV_junc5/H_from3_target,0.4790531761067173
algebraic,V9/H_down_target,0.4499885560959674
algebraic,V9/H_volume_L,0.45011459319936165
algebraic,PV11/H_volume_R,0.44995231208017594
algebraic,VV_junc6/H_from3_target,0.47905392697229365
algebraic,V11/H_down_target,0.44998858484597226
algebraic,V11/H_volume_L,0.45011430559509585
algebraic,VV_junc7/H_from2,0.0
algebraic,VV_junc4/H_from4,0.4790535127527105
algebraic,V8/H_volume_R,0.4499943711767144
algebraic,VV_junc5/H_from3,0.47905317610671755
algebraic,V9/H_volume_R,0.44999436660118763
algebraic,VV_junc6/H_from3,0.4790539269722939
algebraic,V11/H_volume_R,0.44999437102034096
algebraic,PV14/w_v,1.0000000000000004
algebraic,VV_junc4/RBC_in,1.5307871702209261e-15
algebraic,V10/H_L_in,0.4501142474206818
algebraic,V12/H_L_in,0.4501143085037299
algebraic,V13/H_L_in,0.4501142995594934
algebraic,PV14/v_pos,1.7008930487172415e-15
algebraic,PV14/v_neg,7.553482500443035e-31
algebraic,VV_junc4/RBC_out,1.6296374909127768e-15
algebraic,V10/H_R_in,0.45
algebraic,V12/H_R_in,0.45
algebraic,V13/H_R_in,0.45
algebraic,V10/q,9.54423256146528e-15
algebraic,V12/q,9.54423256146528e-15
algebraic,V13/q,9.544232561465288e-15
algebraic,V10/H_mean,0.4500000140022498
algebraic,V12/H_mean,0.45000001400491096
algebraic,V13/H_mean,0.45000001400439826
algebraic,V10/hem_dep_u_rel,5.006574640048167
algebraic,V12/hem_dep_u_rel,5.006574640087909
algebraic,V13/hem_dep_u_rel,5.006574640080253
algebraic,V10/mu,0.005006574640048167
algebraic,V12/mu,0.0050065746400879095
algebraic,V13/mu,0.005006574640080253
algebraic,V10/R,4663607729585766.0
algebraic,V12/R,4663607729622787.0
algebraic,V13/R,4663607729615655.0
algebraic,V10/u,6574.040797424236
algebraic,V12/u,6574.040797421195
algebraic,V13/u,6574.040797451934
algebraic,PV10/v_d,1.700893292917226e-15
algebraic,V10/u_mmHg,49.309497287951245
algebraic,PV12/v_d,1.7008928036859705e-15
algebraic,V12/u_mmHg,49.30949728792844
algebraic,PV13/v_d,1.7008928178691936e-15
algebraic,V13/u_mmHg,49.309497288158994
algebraic,PV10/w_v_d,1.0000000000000004
algebraic,PV10/v_d_mm3_s,1.700893292917226e-06
algebraic,V10/v,1.7008929318633924e-15
algebraic,PV12/w_v_d,1.0000000000000004
algebraic,PV12/v_d_mm3_s,1.7008928036859704e-06
algebraic,V12/v,1.7008929311977448e-15
algebraic,PV13/w_v_d,1.0000000000000004
algebraic,PV13/v_d_mm3_s,1.7008928178691934e-06
algebraic,V13/v,1.7008929377916168e-15
algebraic,PV10/H_up,0.46094180565307025
algebraic,PV10/H_L_out,0.46094180565307025
algebraic,PV10/v_d_pos,1.7008932929172269e-15
algebraic,PV10/v_d_neg,7.55348358490882e-31
algebraic,V10/w_v,1.0000000000000004
algebraic,V10/v_mm3_s,1.7008929318633923e-06
algebraic,PV12/H_up,0.46093688942422983
algebraic,PV12/H_L_out,0.46093688942422983
algebraic,PV12/v_d_pos,1.7008928036859713e-15
algebraic,PV12/v_d_neg,7.553481412285603e-31
algebraic,V12/w_v,1.0000000000000004
algebraic,V12/v_mm3_s,1.7008929311977447e-06
algebraic,PV13/H_up,0.460937846461119
algebraic,PV13/v_d_pos,1.7008928178691944e-15
algebraic,PV13/v_d_neg,7.5534814752717665e-31
algebraic,PV13/H_L_out,0.460937846461119
algebraic,V13/w_v,1.0000000000000004
algebraic,V13/v_mm3_s,1.7008929377916167e-06
algebraic,VV_junc5/H_split4,0.47905317509149953
algebraic,PV10/s_v_d,0.9999999999999994
algebraic,PV10/H_R_out,0.4499520910183896
algebraic,V10/H_up,0.4501142474206818
algebraic,V10/H_L_out,0.4501142474206818
algebraic,V10/v_pos,1.7008929318633932e-15
algebraic,V10/v_neg,7.553481981507703e-31
algebraic,VV_junc6/H_split4,0.4790539269988362
algebraic,PV12/s_v_d,0.9999999999999994
algebraic,PV12/H_R_out,0.4499523241138349
algebraic,V12/H_up,0.4501143085037299
algebraic,V12/H_L_out,0.4501143085037299
algebraic,V12/v_pos,1.7008929311977456e-15
algebraic,V12/v_neg,7.553481978551634e-31
algebraic,PV13/s_v_d,0.9999999999999994
algebraic,PV13/H_R_out,0.4499522832211856
algebraic,VV_junc7/H_split3,0.4790539165954953
algebraic,V13/H_up,0.4501142995594934
algebraic,V13/H_L_out,0.4501142995594934
algebraic,V13/v_pos,1.7008929377916176e-15
algebraic,V13/v_neg,7.553482007834308e-31
algebraic,VV_junc5/H_daughter4,0.47905317509149953
algebraic,PV10/H_down_target,0.44890334974546614
algebraic,PV10/H_volume_L,0.46094180565307025
algebraic,V10/s_v,0.9999999999999994
algebraic,V10/H_R_out,0.4499943722270337
algebraic,VV_junc6/H_daughter4,0.4790539269988362
algebraic,PV12/H_down_target,0.44890383948965984
algebraic,PV12/H_volume_L,0.46093688942422983
algebraic,V12/s_v,0.9999999999999994
algebraic,V12/H_R_out,0.4499943709780539
algebraic,PV13/H_down_target,0.44890374485293394
algebraic,PV13/H_volume_L,0.460937846461119
algebraic,VV_junc7/H_daughter3,0.4790539165954953
algebraic,V13/s_v,0.9999999999999994
algebraic,V13/H_R_out,0.4499943711125117
algebraic,VV_junc5/H_from4_target,0.47905317509149953
algebraic,PV10/H_volume_R,0.4499520910183896
algebraic,V10/H_down_target,0.4499885906604067
algebraic,V10/H_volume_L,0.4501142474206818
algebraic,VV_junc6/H_from4_target,0.4790539269988362
algebraic,PV12/H_volume_R,0.4499523241138349
algebraic,V12/H_down_target,0.4499885845550291
algebraic,V12/H_volume_L,0.4501143085037299
algebraic,PV13/H_volume_R,0.4499522832211856
algebraic,VV_junc7/H_from3_target,0.4790539165954953
algebraic,V13/H_down_target,0.4499885854488888
algebraic,V13/H_volume_L,0.4501142995594934
algebraic,VV_junc5/H_from4,0.47905317509149975
algebraic,V10/H_volume_R,0.4499943722270337
algebraic,VV_junc6/H_from4,0.4790539269988364
algebraic,V12/H_volume_R,0.4499943709780539
algebraic,VV_junc7/H_from3,0.4790539165954955
algebraic,V13/H_volume_R,0.4499943711125117
algebraic,VV_junc5/RBC_in,1.530787173275179e-15
algebraic,VV_junc6/RBC_in,1.5307871733049072e-15
algebraic,V14/H_L_in,0.4501142817374055
algebraic,VV_junc5/RBC_out,1.6296359700198765e-15
algebraic,VV_junc6/RBC_out,1.629638990022716e-15
algebraic,V14/H_R_in,0.45
algebraic,V14/q,9.544232561465287e-15
algebraic,V14/H_mean,0.45000001400398926
algebraic,V14/hem_dep_u_rel,5.006574640074144
algebraic,V14/mu,0.0050065746400741445
algebraic,V14/R,4663607729609964.0
algebraic,V14/u,6574.0407974501
algebraic,PV14/v_d,1.7008928175109902e-15
algebraic,V14/u_mmHg,49.309497288145245
algebraic,PV14/w_v_d,1.0000000000000004
algebraic,PV14/v_d_mm3_s,1.7008928175109902e-06
algebraic,V14/v,1.7008929374005331e-15
algebraic,PV14/H_up,0.4609400730715621
algebraic,PV14/H_L_out,0.4609400730715621
algebraic,PV14/v_d_pos,1.700892817510991e-15
algebraic,PV14/v_d_neg,7.553481473681024e-31
algebraic,V14/w_v,1.0000000000000004
algebraic,V14/v_mm3_s,1.700892937400533e-06
algebraic,VV_junc7/H_split4,0.4790539165364199
algebraic,PV14/s_v_d,0.9999999999999994
algebraic,PV14/H_R_out,0.44995219344139603
algebraic,V14/H_up,0.4501142817374055
algebraic,V14/H_L_out,0.4501142817374055
algebraic,V14/v_pos,1.7008929374005339e-15
algebraic,V14/v_neg,7.553482006097548e-31
algebraic,VV_junc7/H_daughter4,0.4790539165364199
algebraic,PV14/H_down_target,0.4489035235634172
algebraic,PV14/H_volume_L,0.4609400730715621
algebraic,V14/s_v,0.9999999999999994
algebraic,V14/H_R_out,0.44999437133693976
algebraic,VV_junc7/H_from4_target,0.4790539165364199
algebraic,PV14/H_volume_R,0.44995219344139603
algebraic,V14/H_down_target,0.44998858723064766
algebraic,V14/H_volume_L,0.4501142817374055
algebraic,VV_junc7/H_from4,0.4790539165364201
algebraic,V14/H_volume_R,0.44999437133693976
algebraic,VV_junc7/RBC_in,1.5307871719468208e-15
algebraic,VV_junc7/RBC_out,1.6296389535039965e-15
